구명,읍면동명,구분,선거인수,투표수,더불어민주당 송영길,국민의힘 오세훈,정의당 권수정,기본소득당 신지혜,무소속 김광종,득표계,무효투표수,기권수
종로구,합계,,129816,70657,28327,40145,1151,226,167,70016,641,59159
종로구,거소투표,,154,147,44,84,1,2,4,135,12,7
종로구,관외사전투표,,8069,8067,3450,4361,144,30,19,8004,63,2
종로구,청운효자동,소계,9179,4887,2094,2630,98,19,8,4849,38,4292
종로구,청운효자동,관내사전투표,1732,1732,848,828,36,8,3,1723,9,0
종로구,청운효자동,선거일투표,7447,3155,1246,1802,62,11,5,3126,29,4292
종로구,사직동,소계,8057,4452,1523,2785,94,11,13,4426,26,3605
종로구,사직동,관내사전투표,1699,1699,741,904,36,1,5,1687,12,0
종로구,사직동,선거일투표,6358,2753,782,1881,58,10,8,2739,14,3605
종로구,삼청동,소계,1962,1004,388,591,17,2,3,1001,3,958
종로구,삼청동,관내사전투표,319,319,152,156,10,0,0,318,1,0
종로구,삼청동,선거일투표,1643,685,236,435,7,2,3,683,2,958
종로구,부암동,소계,7693,4137,1665,2346,73,11,5,4100,37,3556
종로구,부암동,관내사전투표,1233,1233,559,642,22,0,0,1223,10,0
종로구,부암동,선거일투표,6460,2904,1106,1704,51,11,5,2877,27,3556
종로구,평창동,소계,14730,7931,2594,5143,120,12,12,7881,50,6799
종로구,평창동,관내사전투표,2449,2449,940,1443,43,1,5,2432,17,0
종로구,평창동,선거일투표,12281,5482,1654,3700,77,11,7,5449,33,6799
종로구,무악동,소계,6417,3796,1470,2225,54,10,4,3763,33,2621
종로구,무악동,관내사전투표,1540,1540,686,825,16,4,2,1533,7,0
종로구,무악동,선거일투표,4877,2256,784,1400,38,6,2,2230,26,2621
종로구,교남동,소계,8124,4634,1678,2808,66,26,7,4585,49,3490
종로구,교남동,관내사전투표,1683,1683,726,909,21,14,2,1672,11,0
종로구,교남동,선거일투표,6441,2951,952,1899,45,12,5,2913,38,3490
종로구,가회동,소계,3524,1921,828,1029,32,5,6,1900,21,1603
종로구,가회동,관내사전투표,884,884,429,426,16,2,4,877,7,0
종로구,가회동,선거일투표,2640,1037,399,603,16,3,2,1023,14,1603
종로구,종로1·2·3·4가동,소계,6253,2473,850,1553,32,7,7,2449,24,3780
종로구,종로1·2·3·4가동,관내사전투표,857,857,342,495,5,2,5,849,8,0
종로구,종로1·2·3·4가동,선거일투표,5396,1616,508,1058,27,5,2,1600,16,3780
종로구,종로5·6가동,소계,4426,1920,724,1126,28,8,9,1895,25,2506
종로구,종로5·6가동,관내사전투표,657,657,286,349,7,4,4,650,7,0
종로구,종로5·6가동,선거일투표,3769,1263,438,777,21,4,5,1245,18,2506
종로구,이화동,소계,6313,3086,1371,1607,51,13,11,3053,33,3227
종로구,이화동,관내사전투표,1162,1162,580,554,13,4,4,1155,7,0
종로구,이화동,선거일투표,5151,1924,791,1053,38,9,7,1898,26,3227
종로구,혜화동,소계,14010,7412,3067,4051,174,33,19,7344,68,6598
종로구,혜화동,관내사전투표,2905,2905,1378,1450,45,7,7,2887,18,0
종로구,혜화동,선거일투표,11105,4507,1689,2601,129,26,12,4457,50,6598
종로구,창신제1동,소계,4952,2664,1229,1367,34,4,5,2639,25,2288
종로구,창신제1동,관내사전투표,1406,1406,707,656,22,4,3,1392,14,0
종로구,창신제1동,선거일투표,3546,1258,522,711,12,0,2,1247,11,2288
종로구,창신제2동,소계,6772,3042,1451,1493,23,7,13,2987,55,3730
종로구,창신제2동,관내사전투표,794,794,456,324,3,1,2,786,8,0
종로구,창신제2동,선거일투표,5978,2248,995,1169,20,6,11,2201,47,3730
종로구,창신제3동,소계,5484,2957,1239,1658,33,6,4,2940,17,2527
종로구,창신제3동,관내사전투표,1214,1214,574,621,8,2,3,1208,6,0
종로구,창신제3동,선거일투표,4270,1743,665,1037,25,4,1,1732,11,2527
종로구,숭인제1동,소계,4987,2440,1015,1372,24,4,7,2422,18,2547
종로구,숭인제1동,관내사전투표,1028,1027,470,541,5,3,1,1020,7,1
종로구,숭인제1동,선거일투표,3959,1413,545,831,19,1,6,1402,11,2546
종로구,숭인제2동,소계,8710,3680,1644,1913,53,15,11,3636,44,5030
종로구,숭인제2동,관내사전투표,1389,1389,681,675,22,3,3,1384,5,0
종로구,숭인제2동,선거일투표,7321,2291,963,1238,31,12,8,2252,39,5030
종로구,잘못 투입·구분된 투표지,,0,7,3,3,0,1,0,7,0,-7
중구,,,,,더불어민주당 송영길,국민의힘 오세훈,정의당 권수정,기본소득당 신지혜,무소속 김광종,,,
중구,합계,,112039,60323,23811,34866,696,147,125,59645,678,51716
중구,거소투표,,161,155,36,108,2,0,3,149,6,6
중구,관외사전투표,,8118,8112,3604,4267,122,29,23,8045,67,6
중구,소공동,소계,1897,941,320,586,18,4,6,934,7,956
중구,소공동,관내사전투표,262,262,126,128,2,2,1,259,3,0
중구,소공동,선거일투표,1635,679,194,458,16,2,5,675,4,956
중구,회현동,소계,4266,2004,649,1300,18,3,5,1975,29,2262
중구,회현동,관내사전투표,711,711,254,449,6,0,1,710,1,0
중구,회현동,선거일투표,3555,1293,395,851,12,3,4,1265,28,2262
중구,명동,소계,2318,1096,374,695,14,1,2,1086,10,1222
중구,명동,관내사전투표,429,429,181,243,2,0,1,427,2,0
중구,명동,선거일투표,1889,667,193,452,12,1,1,659,8,1222
중구,필동,소계,3612,1848,730,1065,29,4,4,1832,16,1764
중구,필동,관내사전투표,791,791,364,408,12,1,0,785,6,0
중구,필동,선거일투표,2821,1057,366,657,17,3,4,1047,10,1764
중구,장충동,소계,4025,1867,757,1050,20,5,6,1838,29,2158
중구,장충동,관내사전투표,641,641,318,311,6,0,2,637,4,0
중구,장충동,선거일투표,3384,1226,439,739,14,5,4,1201,25,2158
중구,광희동,소계,4262,1707,515,1150,17,4,3,1689,18,2555
중구,광희동,관내사전투표,273,273,111,157,5,0,0,273,0,0
중구,광희동,선거일투표,3989,1434,404,993,12,4,3,1416,18,2555
중구,을지로동,소계,1572,665,255,399,1,1,3,659,6,907
중구,을지로동,관내사전투표,216,216,100,116,0,0,0,216,0,0
중구,을지로동,선거일투표,1356,449,155,283,1,1,3,443,6,907
중구,신당동,소계,6849,2956,1151,1718,26,5,4,2904,52,3893
중구,신당동,관내사전투표,941,941,410,512,9,1,1,933,8,0
중구,신당동,선거일투표,5908,2015,741,1206,17,4,3,1971,44,3893
중구,다산동,소계,11391,5408,2223,3019,59,11,13,5325,83,5983
중구,다산동,관내사전투표,1772,1772,814,917,15,0,3,1749,23,0
중구,다산동,선거일투표,9619,3636,1409,2102,44,11,10,3576,60,5983
중구,약수동,소계,13983,7746,2883,4637,95,22,11,7648,98,6237
중구,약수동,관내사전투표,2248,2247,966,1226,27,2,6,2227,20,1
중구,약수동,선거일투표,11735,5499,1917,3411,68,20,5,5421,78,6236
중구,청구동,소계,11276,6406,2471,3754,81,17,12,6335,71,4870
중구,청구동,관내사전투표,1663,1663,770,856,22,4,2,1654,9,0
중구,청구동,선거일투표,9613,4743,1701,2898,59,13,10,4681,62,4870
중구,신당제5동,소계,8896,4367,1938,2320,42,11,7,4318,49,4529
중구,신당제5동,관내사전투표,1894,1894,911,948,15,4,2,1880,14,0
중구,신당제5동,선거일투표,7002,2473,1027,1372,27,7,5,2438,35,4529
중구,동화동,소계,8502,4835,1888,2852,36,9,4,4789,46,3667
중구,동화동,관내사전투표,1907,1907,850,1031,13,1,0,1895,12,0
중구,동화동,선거일투표,6595,2928,1038,1821,23,8,4,2894,34,3667
중구,황학동,소계,11077,4815,1929,2763,53,10,12,4767,48,6262
중구,황학동,관내사전투표,1513,1512,660,821,14,4,0,1499,13,1
중구,황학동,선거일투표,9564,3303,1269,1942,39,6,12,3268,35,6261
중구,중림동,소계,9834,5388,2085,3179,63,11,7,5345,43,4446
중구,중림동,관내사전투표,1772,1772,774,967,18,1,2,1762,10,0
중구,중림동,선거일투표,8062,3616,1311,2212,45,10,5,3583,33,4446
중구,잘못 투입·구분된 투표지,,0,7,3,4,0,0,0,7,0,-7
용산구,,,,,더불어민주당 송영길,국민의힘 오세훈,정의당 권수정,기본소득당 신지혜,무소속 김광종,,,
용산구,합계,,199061,104787,34614,67579,1354,329,192,104068,719,94274
용산구,거소투표,,196,185,48,115,7,3,1,174,11,11
용산구,관외사전투표,,13654,13633,5219,8083,166,45,36,13549,84,21
용산구,후암동,소계,13814,6749,2869,3696,100,24,8,6697,52,7065
용산구,후암동,관내사전투표,2547,2546,1214,1290,26,3,0,2533,13,1
용산구,후암동,선거일투표,11267,4203,1655,2406,74,21,8,4164,39,7064
용산구,용산2가동,소계,8328,3903,1570,2178,67,20,18,3853,50,4425
용산구,용산2가동,관내사전투표,1589,1589,688,859,16,7,2,1572,17,0
용산구,용산2가동,선거일투표,6739,2314,882,1319,51,13,16,2281,33,4425
용산구,남영동,소계,6345,2375,919,1370,39,12,7,2347,28,3970
용산구,남영동,관내사전투표,554,554,236,301,9,1,1,548,6,0
용산구,남영동,선거일투표,5791,1821,683,1069,30,11,6,1799,22,3970
용산구,청파동,소계,16359,7073,3045,3814,119,29,14,7021,52,9286
용산구,청파동,관내사전투표,2123,2123,1067,1008,31,9,1,2116,7,0
용산구,청파동,선거일투표,14236,4950,1978,2806,88,20,13,4905,45,9286
용산구,원효로제1동,소계,13195,6576,2238,4156,105,28,13,6540,36,6619
용산구,원효로제1동,관내사전투표,2290,2290,927,1315,29,10,4,2285,5,0
용산구,원효로제1동,선거일투표,10905,4286,1311,2841,76,18,9,4255,31,6619
용산구,원효로제2동,소계,11107,5827,2169,3517,69,14,13,5782,45,5280
용산구,원효로제2동,관내사전투표,1823,1823,767,1023,16,4,5,1815,8,0
용산구,원효로제2동,선거일투표,9284,4004,1402,2494,53,10,8,3967,37,5280
용산구,효창동,소계,8602,4668,1775,2790,66,12,7,4650,18,3934
용산구,효창동,관내사전투표,1806,1806,774,997,24,5,0,1800,6,0
용산구,효창동,선거일투표,6796,2862,1001,1793,42,7,7,2850,12,3934
용산구,용문동,소계,10035,5446,2039,3253,90,15,10,5407,39,4589
용산구,용문동,관내사전투표,2093,2093,899,1145,30,3,4,2081,12,0
용산구,용문동,선거일투표,7942,3353,1140,2108,60,12,6,3326,27,4589
용산구,한강로동,소계,17707,8869,2208,6460,117,23,14,8822,47,8838
용산구,한강로동,관내사전투표,2078,2078,567,1469,27,4,3,2070,8,0
용산구,한강로동,선거일투표,15629,6791,1641,4991,90,19,11,6752,39,8838
용산구,이촌제1동,소계,20422,11834,2180,9487,100,15,11,11793,41,8588
용산구,이촌제1동,관내사전투표,4253,4253,943,3257,30,6,2,4238,15,0
용산구,이촌제1동,선거일투표,16169,7581,1237,6230,70,9,9,7555,26,8588
용산구,이촌제2동,소계,6894,4026,1205,2737,47,12,5,4006,20,2868
용산구,이촌제2동,관내사전투표,1299,1299,455,819,17,4,1,1296,3,0
용산구,이촌제2동,선거일투표,5595,2727,750,1918,30,8,4,2710,17,2868
용산구,이태원제1동,소계,5623,2534,767,1709,29,10,1,2516,18,3089
용산구,이태원제1동,관내사전투표,733,733,286,435,4,6,0,731,2,0
용산구,이태원제1동,선거일투표,4890,1801,481,1274,25,4,1,1785,16,3089
용산구,이태원제2동,소계,7777,3450,1199,2152,51,13,2,3417,33,4327
용산구,이태원제2동,관내사전투표,1133,1133,483,628,16,3,0,1130,3,0
용산구,이태원제2동,선거일투표,6644,2317,716,1524,35,10,2,2287,30,4327
용산구,한남동,소계,16788,6828,1886,4816,53,11,13,6779,49,9960
용산구,한남동,관내사전투표,1813,1809,602,1172,14,5,2,1795,14,4
용산구,한남동,선거일투표,14975,5019,1284,3644,39,6,11,4984,35,9956
용산구,서빙고동,소계,10145,5196,1186,3894,43,23,8,5154,42,4949
용산구,서빙고동,관내사전투표,1208,1208,393,782,8,9,2,1194,14,0
용산구,서빙고동,선거일투표,8937,3988,793,3112,35,14,6,3960,28,4949
용산구,보광동,소계,12070,5578,2076,3332,86,20,11,5525,53,6492
용산구,보광동,관내사전투표,2184,2182,837,1295,31,5,1,2169,13,2
용산구,보광동,선거일투표,9886,3396,1239,2037,55,15,10,3356,40,6490
용산구,잘못 투입·구분된 투표지,,0,37,16,20,0,0,0,36,1,-37
성동구,,,,,더불어민주당 송영길,국민의힘 오세훈,정의당 권수정,기본소득당 신지혜,무소속 김광종,,,
성동구,합계,,251990,139761,51996,84320,1510,350,273,138449,1312,112229
성동구,거소투표,,237,226,71,144,2,1,2,220,6,11
성동구,관외사전투표,,15142,15114,6159,8540,218,34,53,15004,110,28
성동구,금호1가동,소계,12053,6353,2352,3861,51,19,13,6296,57,5700
성동구,금호1가동,관내사전투표,1779,1779,802,951,15,2,3,1773,6,0
성동구,금호1가동,선거일투표,10274,4574,1550,2910,36,17,10,4523,51,5700
성동구,금호2·3가동,소계,18399,9525,3571,5738,85,27,16,9437,88,8874
성동구,금호2·3가동,관내사전투표,3054,3054,1375,1636,20,7,3,3041,13,0
성동구,금호2·3가동,선거일투표,15345,6471,2196,4102,65,20,13,6396,75,8874
성동구,금호4가동,소계,12087,6828,2434,4234,62,10,14,6754,74,5259
성동구,금호4가동,관내사전투표,2617,2617,1142,1431,17,1,8,2599,18,0
성동구,금호4가동,선거일투표,9470,4211,1292,2803,45,9,6,4155,56,5259
성동구,옥수동,소계,20954,11506,3361,7916,111,26,20,11434,72,9448
성동구,옥수동,관내사전투표,3076,3075,1029,2005,26,7,1,3068,7,1
성동구,옥수동,선거일투표,17878,8431,2332,5911,85,19,19,8366,65,9447
성동구,응봉동,소계,11984,6685,2456,4087,56,8,14,6621,64,5299
성동구,응봉동,관내사전투표,2413,2412,1007,1367,20,1,4,2399,13,1
성동구,응봉동,선거일투표,9571,4273,1449,2720,36,7,10,4222,51,5298
성동구,성수1가제1동,소계,13170,6494,2131,4205,71,11,7,6425,69,6676
성동구,성수1가제1동,관내사전투표,1890,1888,772,1072,19,7,1,1871,17,2
성동구,성수1가제1동,선거일투표,11280,4606,1359,3133,52,4,6,4554,52,6674
성동구,성수1가제2동,소계,11131,6471,2307,3997,75,24,16,6419,52,4660
성동구,성수1가제2동,관내사전투표,2378,2372,950,1371,21,15,5,2362,10,6
성동구,성수1가제2동,선거일투표,8753,4099,1357,2626,54,9,11,4057,42,4654
성동구,성수2가제1동,소계,13848,6872,2437,4298,57,15,7,6814,58,6976
성동구,성수2가제1동,관내사전투표,2902,2900,1171,1679,27,6,3,2886,14,2
성동구,성수2가제1동,선거일투표,10946,3972,1266,2619,30,9,4,3928,44,6974
성동구,성수2가제3동,소계,9298,4847,1630,3097,48,13,11,4799,48,4451
성동구,성수2가제3동,관내사전투표,1829,1827,736,1053,19,5,4,1817,10,2
성동구,성수2가제3동,선거일투표,7469,3020,894,2044,29,8,7,2982,38,4449
성동구,왕십리도선동,소계,21626,11197,4059,6854,120,35,14,11082,115,10429
성동구,왕십리도선동,관내사전투표,3200,3196,1319,1801,44,7,3,3174,22,4
성동구,왕십리도선동,선거일투표,18426,8001,2740,5053,76,28,11,7908,93,10425
성동구,왕십리제2동,소계,13834,7496,3180,4109,102,25,15,7431,65,6338
성동구,왕십리제2동,관내사전투표,2647,2639,1330,1252,29,12,3,2626,13,8
성동구,왕십리제2동,선거일투표,11187,4857,1850,2857,73,13,12,4805,52,6330
성동구,행당제1동,소계,11433,6277,2257,3860,77,14,9,6217,60,5156
성동구,행당제1동,관내사전투표,2027,2021,839,1130,34,4,3,2010,11,6
성동구,행당제1동,선거일투표,9406,4256,1418,2730,43,10,6,4207,49,5150
성동구,행당제2동,소계,18354,10663,3974,6449,113,24,10,10570,93,7691
성동구,행당제2동,관내사전투표,3412,3410,1495,1860,32,7,3,3397,13,2
성동구,행당제2동,선거일투표,14942,7253,2479,4589,81,17,7,7173,80,7689
성동구,마장동,소계,18801,9828,4034,5525,116,22,18,9715,113,8973
성동구,마장동,관내사전투표,2841,2841,1354,1439,26,4,5,2828,13,0
성동구,마장동,선거일투표,15960,6987,2680,4086,90,18,13,6887,100,8973
성동구,사근동,소계,10310,4416,1739,2548,53,14,10,4364,52,5894
성동구,사근동,관내사전투표,1397,1397,611,740,14,8,4,1377,20,0
성동구,사근동,선거일투표,8913,3019,1128,1808,39,6,6,2987,32,5894
성동구,송정동,소계,9036,4237,1744,2381,35,13,10,4183,54,4799
성동구,송정동,관내사전투표,1491,1491,691,775,9,5,3,1483,8,0
성동구,송정동,선거일투표,7545,2746,1053,1606,26,8,7,2700,46,4799
성동구,용답동,소계,10293,4666,2076,2444,55,15,14,4604,62,5627
성동구,용답동,관내사전투표,1838,1838,950,845,20,4,6,1825,13,0
성동구,용답동,선거일투표,8455,2828,1126,1599,35,11,8,2779,49,5627
성동구,잘못 투입·구분된 투표지,,0,60,24,33,3,0,0,60,0,-60
광진구,,,,,더불어민주당 송영길,국민의힘 오세훈,정의당 권수정,기본소득당 신지혜,무소속 김광종,,,
광진구,합계,,305462,157005,62217,90734,1845,500,310,155606,1399,148457
광진구,거소투표,,303,290,74,193,2,3,1,273,17,13
광진구,관외사전투표,,17049,17030,7497,9035,258,66,53,16909,121,19
광진구,중곡제1동,소계,13402,5971,2652,3152,74,15,17,5910,61,7431
광진구,중곡제1동,관내사전투표,2166,2158,1068,1051,22,4,4,2149,9,8
광진구,중곡제1동,선거일투표,11236,3813,1584,2101,52,11,13,3761,52,7423
광진구,중곡제2동,소계,18232,8157,3497,4426,94,39,22,8078,79,10075
광진구,중곡제2동,관내사전투표,2932,2929,1398,1465,31,12,7,2913,16,3
광진구,중곡제2동,선거일투표,15300,5228,2099,2961,63,27,15,5165,63,10072
광진구,중곡제3동,소계,14051,6432,2654,3601,72,14,14,6355,77,7619
광진구,중곡제3동,관내사전투표,2200,2197,1015,1142,23,3,1,2184,13,3
광진구,중곡제3동,선거일투표,11851,4235,1639,2459,49,11,13,4171,64,7616
광진구,중곡제4동,소계,24682,12214,5114,6732,152,42,22,12062,152,12468
광진구,중곡제4동,관내사전투표,4282,4270,1978,2168,44,17,11,4218,52,12
광진구,중곡제4동,선거일투표,20400,7944,3136,4564,108,25,11,7844,100,12456
광진구,능동,소계,9956,4854,2126,2597,70,11,7,4811,43,5102
광진구,능동,관내사전투표,1703,1702,852,811,22,2,3,1690,12,1
광진구,능동,선거일투표,8253,3152,1274,1786,48,9,4,3121,31,5101
광진구,구의제1동,소계,20343,9644,4001,5393,132,31,21,9578,66,10699
광진구,구의제1동,관내사전투표,3746,3746,1740,1934,37,9,9,3729,17,0
광진구,구의제1동,선거일투표,16597,5898,2261,3459,95,22,12,5849,49,10699
광진구,구의제2동,소계,21542,10593,4516,5793,133,30,17,10489,104,10949
광진구,구의제2동,관내사전투표,2883,2882,1449,1356,39,8,5,2857,25,1
광진구,구의제2동,선거일투표,18659,7711,3067,4437,94,22,12,7632,79,10948
광진구,구의제3동,소계,23468,12870,4420,8179,122,33,21,12775,95,10598
광진구,구의제3동,관내사전투표,4063,4062,1673,2323,35,7,8,4046,16,1
광진구,구의제3동,선거일투표,19405,8808,2747,5856,87,26,13,8729,79,10597
광진구,광장동,소계,25293,14060,4713,9103,134,39,13,14002,58,11233
광진구,광장동,관내사전투표,3580,3578,1413,2117,25,10,3,3568,10,2
광진구,광장동,선거일투표,21713,10482,3300,6986,109,29,10,10434,48,11231
광진구,자양제1동,소계,19691,9286,4028,5024,104,31,17,9204,82,10405
광진구,자양제1동,관내사전투표,3873,3873,1860,1941,37,11,3,3852,21,0
광진구,자양제1동,선거일투표,15818,5413,2168,3083,67,20,14,5352,61,10405
광진구,자양제2동,소계,19691,9742,3739,5818,86,20,15,9678,64,9949
광진구,자양제2동,관내사전투표,2794,2793,1240,1510,21,4,4,2779,14,1
광진구,자양제2동,선거일투표,16897,6949,2499,4308,65,16,11,6899,50,9948
광진구,자양제3동,소계,22424,12775,4115,8422,109,28,18,12692,83,9649
광진구,자양제3동,관내사전투표,4387,4384,1679,2625,36,5,12,4357,27,3
광진구,자양제3동,선거일투표,18037,8391,2436,5797,73,23,6,8335,56,9646
광진구,자양제4동,소계,16578,7802,2872,4738,57,25,14,7706,96,8776
광진구,자양제4동,관내사전투표,2810,2810,1167,1605,18,3,4,2797,13,0
광진구,자양제4동,선거일투표,13768,4992,1705,3133,39,22,10,4909,83,8776
광진구,화양동,소계,21775,7696,3131,4282,124,47,21,7605,91,14079
광진구,화양동,관내사전투표,2499,2499,1172,1254,37,10,7,2480,19,0
광진구,화양동,선거일투표,19276,5197,1959,3028,87,37,14,5125,72,14079
광진구,군자동,소계,16982,7520,3043,4204,122,26,17,7412,108,9462
광진구,군자동,관내사전투표,2376,2373,1113,1191,36,9,4,2353,20,3
광진구,군자동,선거일투표,14606,5147,1930,3013,86,17,13,5059,88,9459
광진구,잘못 투입·구분된 투표지,,0,69,25,42,0,0,0,67,2,-69
동대문구,,,,,더불어민주당 송영길,국민의힘 오세훈,정의당 권수정,기본소득당 신지혜,무소속 김광종,,,
동대문구,합계,,302024,156964,63157,89470,2011,461,340,155439,1525,145060
동대문구,거소투표,,343,328,102,198,5,2,4,311,17,15
동대문구,관외사전투표,,18890,18886,8549,9790,279,68,58,18744,142,4
동대문구,용신동,소계,27914,12169,4867,6914,172,49,23,12025,144,15745
동대문구,용신동,관내사전투표,3731,3730,1667,1978,41,5,6,3697,33,1
동대문구,용신동,선거일투표,24183,8439,3200,4936,131,44,17,8328,111,15744
동대문구,제기동,소계,21200,10000,3696,6041,111,33,17,9898,102,11200
동대문구,제기동,관내사전투표,3336,3333,1415,1849,29,9,3,3305,28,3
동대문구,제기동,선거일투표,17864,6667,2281,4192,82,24,14,6593,74,11197
동대문구,청량리동,소계,16389,8693,3058,5413,90,18,22,8601,92,7696
동대문구,청량리동,관내사전투표,2340,2340,1013,1276,28,4,5,2326,14,0
동대문구,청량리동,선거일투표,14049,6353,2045,4137,62,14,17,6275,78,7696
동대문구,회기동,소계,9787,4780,1881,2724,100,15,12,4732,48,5007
동대문구,회기동,관내사전투표,2160,2160,956,1133,44,8,3,2144,16,0
동대문구,회기동,선거일투표,7627,2620,925,1591,56,7,9,2588,32,5007
동대문구,휘경제1동,소계,11683,5294,2062,3056,87,13,14,5232,62,6389
동대문구,휘경제1동,관내사전투표,1842,1842,811,990,25,3,3,1832,10,0
동대문구,휘경제1동,선거일투표,9841,3452,1251,2066,62,10,11,3400,52,6389
동대문구,휘경제2동,소계,19483,9348,3686,5404,123,28,18,9259,89,10135
동대문구,휘경제2동,관내사전투표,1885,1884,877,976,16,6,3,1878,6,1
동대문구,휘경제2동,선거일투표,17598,7464,2809,4428,107,22,15,7381,83,10134
동대문구,이문제1동,소계,15612,7492,2811,4431,144,27,17,7430,62,8120
동대문구,이문제1동,관내사전투표,2070,2069,922,1083,42,7,5,2059,10,1
동대문구,이문제1동,선거일투표,13542,5423,1889,3348,102,20,12,5371,52,8119
동대문구,이문제2동,소계,16175,8538,3532,4807,92,18,13,8462,76,7637
동대문구,이문제2동,관내사전투표,2616,2614,1230,1330,25,5,2,2592,22,2
동대문구,이문제2동,선거일투표,13559,5924,2302,3477,67,13,11,5870,54,7635
동대문구,전농제1동,소계,24017,11514,4560,6624,131,31,28,11374,140,12503
동대문구,전농제1동,관내사전투표,3071,3070,1407,1599,25,6,10,3047,23,1
동대문구,전농제1동,선거일투표,20946,8444,3153,5025,106,25,18,8327,117,12502
동대문구,전농제2동,소계,15399,8264,3246,4816,78,26,13,8179,85,7135
동대문구,전농제2동,관내사전투표,2996,2996,1316,1612,23,15,3,2969,27,0
동대문구,전농제2동,선거일투표,12403,5268,1930,3204,55,11,10,5210,58,7135
동대문구,답십리제1동,소계,23319,11650,4541,6782,159,45,19,11546,104,11669
동대문구,답십리제1동,관내사전투표,3154,3154,1393,1681,41,16,6,3137,17,0
동대문구,답십리제1동,선거일투표,20165,8496,3148,5101,118,29,13,8409,87,11669
동대문구,답십리제2동,소계,23206,11848,4812,6712,132,30,28,11714,134,11358
동대문구,답십리제2동,관내사전투표,3173,3173,1412,1689,29,9,3,3142,31,0
동대문구,답십리제2동,선거일투표,20033,8675,3400,5023,103,21,25,8572,103,11358
동대문구,장안제1동,소계,32466,15569,6554,8650,179,36,31,15450,119,16897
동대문구,장안제1동,관내사전투표,4695,4693,2218,2383,43,9,6,4659,34,2
동대문구,장안제1동,선거일투표,27771,10876,4336,6267,136,27,25,10791,85,16895
동대문구,장안제2동,소계,26141,12562,5190,7092,128,22,23,12455,107,13579
동대문구,장안제2동,관내사전투표,3619,3618,1675,1889,24,6,4,3598,20,1
동대문구,장안제2동,선거일투표,22522,8944,3515,5203,104,16,19,8857,87,13578
동대문구,잘못 투입·구분된 투표지,,0,29,10,16,1,0,0,27,2,-29
중랑구,,,,,더불어민주당 송영길,국민의힘 오세훈,정의당 권수정,기본소득당 신지혜,무소속 김광종,,,
중랑구,합계,,348762,177701,76660,96447,1870,437,361,175775,1926,171061
중랑구,거소투표,,468,443,149,258,9,3,6,425,18,25
중랑구,관외사전투표,,22220,22214,10871,10717,324,69,71,22052,162,6
중랑구,면목본동,소계,29285,12548,5327,6825,145,47,22,12366,182,16737
중랑구,면목본동,관내사전투표,4896,4894,2290,2501,45,21,3,4860,34,2
중랑구,면목본동,선거일투표,24389,7654,3037,4324,100,26,19,7506,148,16735
중랑구,면목제2동,소계,20255,8808,3797,4728,96,28,20,8669,139,11447
중랑구,면목제2동,관내사전투표,3274,3273,1576,1622,28,12,6,3244,29,1
중랑구,면목제2동,선거일투표,16981,5535,2221,3106,68,16,14,5425,110,11446
중랑구,면목제3·8동,소계,20644,8957,3746,4993,78,21,14,8852,105,11687
중랑구,면목제3·8동,관내사전투표,2598,2598,1197,1350,21,4,5,2577,21,0
중랑구,면목제3·8동,선거일투표,18046,6359,2549,3643,57,17,9,6275,84,11687
중랑구,면목제4동,소계,15973,7521,3241,4116,52,21,11,7441,80,8452
중랑구,면목제4동,관내사전투표,2787,2787,1331,1419,14,7,6,2777,10,0
중랑구,면목제4동,선거일투표,13186,4734,1910,2697,38,14,5,4664,70,8452
중랑구,면목제5동,소계,12269,5935,2619,3193,54,7,6,5879,56,6334
중랑구,면목제5동,관내사전투표,2251,2248,1121,1093,20,3,1,2238,10,3
중랑구,면목제5동,선거일투표,10018,3687,1498,2100,34,4,5,3641,46,6331
중랑구,면목제7동,소계,18585,8989,3796,4975,76,17,19,8883,106,9596
중랑구,면목제7동,관내사전투표,3898,3897,1834,1999,30,5,7,3875,22,1
중랑구,면목제7동,선거일투표,14687,5092,1962,2976,46,12,12,5008,84,9595
중랑구,상봉제1동,소계,18136,8750,3593,4936,99,16,22,8666,84,9386
중랑구,상봉제1동,관내사전투표,2199,2199,998,1169,19,1,3,2190,9,0
중랑구,상봉제1동,선거일투표,15937,6551,2595,3767,80,15,19,6476,75,9386
중랑구,상봉제2동,소계,17849,7254,3204,3826,100,25,14,7169,85,10595
중랑구,상봉제2동,관내사전투표,2861,2858,1426,1378,28,11,6,2849,9,3
중랑구,상봉제2동,선거일투표,14988,4396,1778,2448,72,14,8,4320,76,10592
중랑구,중화제1동,소계,16895,8617,3651,4778,93,20,12,8554,63,8278
중랑구,중화제1동,관내사전투표,3660,3659,1706,1889,35,5,0,3635,24,1
중랑구,중화제1동,선거일투표,13235,4958,1945,2889,58,15,12,4919,39,8277
중랑구,중화제2동,소계,20954,8823,3842,4743,89,20,11,8705,118,12131
중랑구,중화제2동,관내사전투표,2463,2460,1172,1244,18,4,2,2440,20,3
중랑구,중화제2동,선거일투표,18491,6363,2670,3499,71,16,9,6265,98,12128
중랑구,묵제1동,소계,27577,13832,5764,7730,164,23,24,13705,127,13745
중랑구,묵제1동,관내사전투표,4526,4523,2108,2317,54,9,5,4493,30,3
중랑구,묵제1동,선거일투표,23051,9309,3656,5413,110,14,19,9212,97,13742
중랑구,묵제2동,소계,16356,7923,3419,4310,73,20,11,7833,90,8433
중랑구,묵제2동,관내사전투표,2759,2759,1343,1366,16,8,4,2737,22,0
중랑구,묵제2동,선거일투표,13597,5164,2076,2944,57,12,7,5096,68,8433
중랑구,망우본동,소계,29743,14158,5688,8126,129,36,27,14006,152,15585
중랑구,망우본동,관내사전투표,4418,4418,1942,2388,38,8,8,4384,34,0
중랑구,망우본동,선거일투표,25325,9740,3746,5738,91,28,19,9622,118,15585
중랑구,망우제3동,소계,14457,6674,2763,3726,71,15,12,6587,87,7783
중랑구,망우제3동,관내사전투표,2783,2783,1297,1426,30,5,5,2763,20,0
중랑구,망우제3동,선거일투표,11674,3891,1466,2300,41,10,7,3824,67,7783
중랑구,신내제1동,소계,29132,15478,6559,8576,125,32,27,15319,159,13654
중랑구,신내제1동,관내사전투표,3571,3570,1685,1843,24,3,2,3557,13,1
중랑구,신내제1동,선거일투표,25561,11908,4874,6733,101,29,25,11762,146,13653
중랑구,신내제2동,소계,17964,10739,4612,5872,93,17,32,10626,113,7225
중랑구,신내제2동,관내사전투표,4004,4004,1906,2029,35,1,9,3980,24,0
중랑구,신내제2동,선거일투표,13960,6735,2706,3843,58,16,23,6646,89,7225
중랑구,잘못 투입·구분된 투표지,,0,38,19,19,0,0,0,38,0,-38
성북구,,,,,더불어민주당 송영길,국민의힘 오세훈,정의당 권수정,기본소득당 신지혜,무소속 김광종,,,
성북구,합계,,379123,202235,85825,110962,2698,599,413,200497,1738,176888
성북구,거소투표,,427,408,127,237,11,5,11,391,17,19
성북구,관외사전투표,,25196,25192,11969,12475,419,90,69,25022,170,4
성북구,성북동,소계,14075,7094,3036,3817,144,34,12,7043,51,6981
성북구,성북동,관내사전투표,2873,2871,1404,1391,46,12,4,2857,14,2
성북구,성북동,선거일투표,11202,4223,1632,2426,98,22,8,4186,37,6979
성북구,삼선동,소계,20463,10339,4662,5363,167,39,20,10251,88,10124
성북구,삼선동,관내사전투표,4235,4231,2142,1983,59,15,6,4205,26,4
성북구,삼선동,선거일투표,16228,6108,2520,3380,108,24,14,6046,62,10120
성북구,동선동,소계,13092,5665,2564,2871,139,30,3,5607,58,7427
성북구,동선동,관내사전투표,1748,1747,915,777,37,8,0,1737,10,1
성북구,동선동,선거일투표,11344,3918,1649,2094,102,22,3,3870,48,7426
성북구,돈암제1동,소계,12079,6677,2786,3746,78,18,6,6634,43,5402
성북구,돈암제1동,관내사전투표,2061,2061,925,1103,18,4,2,2052,9,0
성북구,돈암제1동,선거일투표,10018,4616,1861,2643,60,14,4,4582,34,5402
성북구,돈암제2동,소계,17970,9577,3734,5600,131,29,6,9500,77,8393
성북구,돈암제2동,관내사전투표,2478,2478,1082,1343,37,2,0,2464,14,0
성북구,돈암제2동,선거일투표,15492,7099,2652,4257,94,27,6,7036,63,8393
성북구,안암동,소계,13476,5994,2301,3452,135,17,18,5923,71,7482
성북구,안암동,관내사전투표,1933,1933,886,981,49,3,1,1920,13,0
성북구,안암동,선거일투표,11543,4061,1415,2471,86,14,17,4003,58,7482
성북구,보문동,소계,13029,5948,2459,3319,89,16,13,5896,52,7081
성북구,보문동,관내사전투표,2242,2242,1002,1188,33,2,1,2226,16,0
성북구,보문동,선거일투표,10787,3706,1457,2131,56,14,12,3670,36,7081
성북구,정릉제1동,소계,14509,7846,3315,4352,87,23,21,7798,48,6663
성북구,정릉제1동,관내사전투표,2880,2880,1325,1511,20,10,3,2869,11,0
성북구,정릉제1동,선거일투표,11629,4966,1990,2841,67,13,18,4929,37,6663
성북구,정릉제2동,소계,18853,9515,4012,5260,119,26,19,9436,79,9338
성북구,정릉제2동,관내사전투표,4144,4143,1885,2181,35,8,9,4118,25,1
성북구,정릉제2동,선거일투표,14709,5372,2127,3079,84,18,10,5318,54,9337
성북구,정릉제3동,소계,12517,5232,2057,3037,56,14,13,5177,55,7285
성북구,정릉제3동,관내사전투표,1924,1923,804,1080,15,4,4,1907,16,1
성북구,정릉제3동,선거일투표,10593,3309,1253,1957,41,10,9,3270,39,7284
성북구,정릉제4동,소계,20661,10436,4405,5755,128,34,19,10341,95,10225
성북구,정릉제4동,관내사전투표,3814,3814,1824,1901,46,10,7,3788,26,0
성북구,정릉제4동,선거일투표,16847,6622,2581,3854,82,24,12,6553,69,10225
성북구,길음제1동,소계,25782,14496,6082,8063,169,39,31,14384,112,11286
성북구,길음제1동,관내사전투표,4090,4090,1993,2028,34,7,9,4071,19,0
성북구,길음제1동,선거일투표,21692,10406,4089,6035,135,32,22,10313,93,11286
성북구,길음제2동,소계,16249,8548,3334,5034,79,14,14,8475,73,7701
성북구,길음제2동,관내사전투표,2668,2664,1133,1479,26,3,4,2645,19,4
성북구,길음제2동,선거일투표,13581,5884,2201,3555,53,11,10,5830,54,7697
성북구,종암동,소계,31351,16368,7065,8909,193,45,33,16245,123,14983
성북구,종암동,관내사전투표,5174,5174,2499,2565,61,15,9,5149,25,0
성북구,종암동,선거일투표,26177,11194,4566,6344,132,30,24,11096,98,14983
성북구,월곡제1동,소계,21202,11178,5320,5593,110,29,21,11073,105,10024
성북구,월곡제1동,관내사전투표,3928,3928,2023,1840,35,3,7,3908,20,0
성북구,월곡제1동,선거일투표,17274,7250,3297,3753,75,26,14,7165,85,10024
성북구,월곡제2동,소계,16118,7916,3338,4350,103,26,18,7835,81,8202
성북구,월곡제2동,관내사전투표,2454,2452,1130,1267,23,7,4,2431,21,2
성북구,월곡제2동,선거일투표,13664,5464,2208,3083,80,19,14,5404,60,8200
성북구,장위제1동,소계,19617,8986,3588,5156,95,20,24,8883,103,10631
성북구,장위제1동,관내사전투표,3018,3017,1325,1632,18,8,5,2988,29,1
성북구,장위제1동,선거일투표,16599,5969,2263,3524,77,12,19,5895,74,10630
성북구,장위제2동,소계,11478,4998,1841,3043,37,9,14,4944,54,6480
성북구,장위제2동,관내사전투표,1435,1435,587,819,10,4,1,1421,14,0
성북구,장위제2동,선거일투표,10043,3563,1254,2224,27,5,13,3523,40,6480
성북구,장위제3동,소계,12059,6212,2303,3816,50,9,10,6188,24,5847
성북구,장위제3동,관내사전투표,1544,1541,657,866,10,1,2,1536,5,3
성북구,장위제3동,선거일투표,10515,4671,1646,2950,40,8,8,4652,19,5844
성북구,석관동,소계,28920,13569,5511,7691,159,33,18,13412,157,15351
성북구,석관동,관내사전투표,3625,3623,1709,1849,34,9,6,3607,16,2
성북구,석관동,선거일투표,25295,9946,3802,5842,125,24,12,9805,141,15349
성북구,잘못 투입·구분된 투표지,,0,41,16,23,0,0,0,39,2,-41
강북구,,,,,더불어민주당 송영길,국민의힘 오세훈,정의당 권수정,기본소득당 신지혜,무소속 김광종,,,
강북구,합계,,268130,133390,58962,70747,1515,396,305,131925,1465,134740
강북구,거소투표,,338,316,114,170,4,3,4,295,21,22
강북구,관외사전투표,,15632,15622,7807,7344,220,59,53,15483,139,10
강북구,삼양동,소계,19562,8681,3963,4493,89,21,15,8581,100,10881
강북구,삼양동,관내사전투표,2729,2719,1396,1268,28,7,6,2705,14,10
강북구,삼양동,선거일투표,16833,5962,2567,3225,61,14,9,5876,86,10871
강북구,미아동,소계,19167,8920,4059,4606,88,25,33,8811,109,10247
강북구,미아동,관내사전투표,3277,3276,1704,1501,29,8,14,3256,20,1
강북구,미아동,선거일투표,15890,5644,2355,3105,59,17,19,5555,89,10246
강북구,송중동,소계,24050,11010,4715,6014,114,36,19,10898,112,13040
강북구,송중동,관내사전투표,3446,3446,1716,1663,25,12,4,3420,26,0
강북구,송중동,선거일투표,20604,7564,2999,4351,89,24,15,7478,86,13040
강북구,송천동,소계,22634,10319,4545,5483,112,33,18,10191,128,12315
강북구,송천동,관내사전투표,3397,3394,1615,1703,28,7,5,3358,36,3
강북구,송천동,선거일투표,19237,6925,2930,3780,84,26,13,6833,92,12312
강북구,삼각산동,소계,23968,12936,5816,6833,161,27,24,12861,75,11032
강북구,삼각산동,관내사전투표,3727,3725,1845,1787,62,7,3,3704,21,2
강북구,삼각산동,선거일투표,20241,9211,3971,5046,99,20,21,9157,54,11030
강북구,번1동,소계,16234,6868,2841,3838,74,20,19,6792,76,9366
강북구,번1동,관내사전투표,2604,2604,1206,1339,32,3,3,2583,21,0
강북구,번1동,선거일투표,13630,4264,1635,2499,42,17,16,4209,55,9366
강북구,번2동,소계,13405,6438,2774,3478,46,26,11,6335,103,6967
강북구,번2동,관내사전투표,2090,2090,986,1061,13,5,4,2069,21,0
강북구,번2동,선거일투표,11315,4348,1788,2417,33,21,7,4266,82,6967
강북구,번3동,소계,13980,7275,3072,4003,59,21,27,7182,93,6705
강북구,번3동,관내사전투표,2796,2794,1260,1462,20,6,11,2759,35,2
강북구,번3동,선거일투표,11184,4481,1812,2541,39,15,16,4423,58,6703
강북구,수유1동,소계,17858,7722,3404,4083,103,25,14,7629,93,10136
강북구,수유1동,관내사전투표,2962,2960,1444,1452,35,4,3,2938,22,2
강북구,수유1동,선거일투표,14896,4762,1960,2631,68,21,11,4691,71,10134
강북구,수유2동,소계,18128,8846,3656,4983,80,26,15,8760,86,9282
강북구,수유2동,관내사전투표,3704,3702,1670,1969,24,8,6,3677,25,2
강북구,수유2동,선거일투표,14424,5144,1986,3014,56,18,9,5083,61,9280
강북구,수유3동,소계,20590,8737,3788,4712,99,27,20,8646,91,11853
강북구,수유3동,관내사전투표,2800,2799,1378,1356,36,7,7,2784,15,1
강북구,수유3동,선거일투표,17790,5938,2410,3356,63,20,13,5862,76,11852
강북구,우이동,소계,17506,8325,3506,4569,108,26,9,8218,107,9181
강북구,우이동,관내사전투표,2967,2967,1362,1550,31,5,3,2951,16,0
강북구,우이동,선거일투표,14539,5358,2144,3019,77,21,6,5267,91,9181
강북구,인수동,소계,25078,11332,4880,6119,157,21,24,11201,131,13746
강북구,인수동,관내사전투표,4443,4443,2070,2278,54,3,8,4413,30,0
강북구,인수동,선거일투표,20635,6889,2810,3841,103,18,16,6788,101,13746
강북구,잘못 투입·구분된 투표지,,0,43,22,19,1,0,0,42,1,-43
도봉구,,,,,더불어민주당 송영길,국민의힘 오세훈,정의당 권수정,기본소득당 신지혜,무소속 김광종,,,
도봉구,합계,,280913,148579,61946,83072,1457,397,290,147162,1417,132334
도봉구,거소투표,,383,358,103,219,8,5,4,339,19,25
도봉구,관외사전투표,,16649,16582,7828,8286,205,53,56,16428,154,67
도봉구,쌍문1동,소계,17675,8141,3504,4415,84,21,12,8036,105,9534
도봉구,쌍문1동,관내사전투표,2700,2693,1276,1371,16,2,3,2668,25,7
도봉구,쌍문1동,선거일투표,14975,5448,2228,3044,68,19,9,5368,80,9527
도봉구,쌍문2동,소계,16063,7451,3166,4106,69,21,11,7373,78,8612
도봉구,쌍문2동,관내사전투표,2385,2385,1077,1259,17,7,2,2362,23,0
도봉구,쌍문2동,선거일투표,13678,5066,2089,2847,52,14,9,5011,55,8612
도봉구,쌍문3동,소계,14460,6867,2943,3737,82,20,20,6802,65,7593
도봉구,쌍문3동,관내사전투표,2463,2454,1215,1198,19,5,3,2440,14,9
도봉구,쌍문3동,선거일투표,11997,4413,1728,2539,63,15,17,4362,51,7584
도봉구,쌍문4동,소계,14415,7512,3020,4361,76,15,3,7475,37,6903
도봉구,쌍문4동,관내사전투표,2402,2402,1066,1304,19,3,0,2392,10,0
도봉구,쌍문4동,선거일투표,12013,5110,1954,3057,57,12,3,5083,27,6903
도봉구,방학1동,소계,23326,10742,4295,6182,99,14,27,10617,125,12584
도봉구,방학1동,관내사전투표,3345,3342,1497,1789,25,8,4,3323,19,3
도봉구,방학1동,선거일투표,19981,7400,2798,4393,74,6,23,7294,106,12581
도봉구,방학2동,소계,16762,7616,3167,4196,78,30,24,7495,121,9146
도봉구,방학2동,관내사전투표,2969,2968,1362,1525,26,7,12,2932,36,1
도봉구,방학2동,선거일투표,13793,4648,1805,2671,52,23,12,4563,85,9145
도봉구,방학3동,소계,22147,12136,5063,6849,104,28,14,12058,78,10011
도봉구,방학3동,관내사전투표,4755,4755,2083,2597,36,12,3,4731,24,0
도봉구,방학3동,선거일투표,17392,7381,2980,4252,68,16,11,7327,54,10011
도봉구,창1동,소계,20074,10175,4118,5849,89,19,13,10088,87,9899
도봉구,창1동,관내사전투표,3353,3345,1457,1829,26,9,2,3323,22,8
도봉구,창1동,선거일투표,16721,6830,2661,4020,63,10,11,6765,65,9891
도봉구,창2동,소계,24643,11460,4932,6255,87,44,25,11343,117,13183
도봉구,창2동,관내사전투표,4102,4100,1931,2084,29,16,9,4069,31,2
도봉구,창2동,선거일투표,20541,7360,3001,4171,58,28,16,7274,86,13181
도봉구,창3동,소계,11596,5243,2152,2956,45,26,9,5188,55,6353
도봉구,창3동,관내사전투표,1952,1944,876,1026,16,9,2,1929,15,8
도봉구,창3동,선거일투표,9644,3299,1276,1930,29,17,7,3259,40,6345
도봉구,창4동,소계,21544,12403,4917,7207,149,26,18,12317,86,9141
도봉구,창4동,관내사전투표,3842,3840,1736,2031,46,5,5,3823,17,2
도봉구,창4동,선거일투표,17702,8563,3181,5176,103,21,13,8494,69,9139
도봉구,창5동,소계,20383,10925,4266,6462,82,29,14,10853,72,9458
도봉구,창5동,관내사전투표,3605,3590,1543,1987,31,7,5,3573,17,15
도봉구,창5동,선거일투표,16778,7335,2723,4475,51,22,9,7280,55,9443
도봉구,도봉1동,소계,18812,9168,3607,5339,80,19,21,9066,102,9644
도봉구,도봉1동,관내사전투표,3128,3127,1393,1671,25,9,7,3105,22,1
도봉구,도봉1동,선거일투표,15684,6041,2214,3668,55,10,14,5961,80,9643
도봉구,도봉2동,소계,21981,11659,4804,6578,118,26,18,11544,115,10322
도봉구,도봉2동,관내사전투표,2377,2377,1136,1191,25,7,1,2360,17,0
도봉구,도봉2동,선거일투표,19604,9282,3668,5387,93,19,17,9184,98,10322
도봉구,잘못 투입·구분된 투표지,,0,141,61,75,2,1,1,140,1,-141
노원구,,,,,더불어민주당 송영길,국민의힘 오세훈,정의당 권수정,기본소득당 신지혜,무소속 김광종,,,
노원구,합계,,441748,245152,102771,135812,2992,625,467,242667,2485,196596
노원구,거소투표,,675,620,206,353,7,10,12,588,32,55
노원구,관외사전투표,,28485,28376,12721,14823,443,88,69,28144,232,109
노원구,월계1동,소계,18454,9445,3643,5559,103,18,21,9344,101,9009
노원구,월계1동,관내사전투표,3525,3509,1554,1887,39,6,5,3491,18,16
노원구,월계1동,선거일투표,14929,5936,2089,3672,64,12,16,5853,83,8993
노원구,월계2동,소계,21404,10758,4370,6093,124,37,14,10638,120,10646
노원구,월계2동,관내사전투표,3125,3092,1424,1602,35,5,5,3071,21,33
노원구,월계2동,선거일투표,18279,7666,2946,4491,89,32,9,7567,99,10613
노원구,월계3동,소계,23905,13032,5114,7534,130,45,29,12852,180,10873
노원구,월계3동,관내사전투표,2453,2445,1093,1286,20,13,6,2418,27,8
노원구,월계3동,선거일투표,21452,10587,4021,6248,110,32,23,10434,153,10865
노원구,공릉1동,소계,30981,15356,6574,8332,189,57,26,15178,178,15625
노원구,공릉1동,관내사전투표,4765,4762,2227,2426,51,21,4,4729,33,3
노원구,공릉1동,선거일투표,26216,10594,4347,5906,138,36,22,10449,145,15622
노원구,공릉2동,소계,32711,17624,7364,9809,227,52,26,17478,146,15087
노원구,공릉2동,관내사전투표,5077,5056,2344,2616,60,19,4,5043,13,21
노원구,공릉2동,선거일투표,27634,12568,5020,7193,167,33,22,12435,133,15066
노원구,하계1동,소계,21954,11173,4436,6400,136,19,21,11012,161,10781
노원구,하계1동,관내사전투표,2878,2862,1277,1515,33,5,4,2834,28,16
노원구,하계1동,선거일투표,19076,8311,3159,4885,103,14,17,8178,133,10765
노원구,하계2동,소계,17105,9402,3939,5236,107,12,19,9313,89,7703
노원구,하계2동,관내사전투표,2576,2570,1164,1351,25,3,6,2549,21,6
노원구,하계2동,선거일투표,14529,6832,2775,3885,82,9,13,6764,68,7697
노원구,중계본동,소계,17249,9101,4021,4873,105,22,10,9031,70,8148
노원구,중계본동,관내사전투표,2714,2695,1368,1281,32,2,2,2685,10,19
노원구,중계본동,선거일투표,14535,6406,2653,3592,73,20,8,6346,60,8129
노원구,중계1동,소계,19568,10804,4758,5816,122,21,16,10733,71,8764
노원구,중계1동,관내사전투표,3839,3828,1837,1934,32,7,4,3814,14,11
노원구,중계1동,선거일투표,15729,6976,2921,3882,90,14,12,6919,57,8753
노원구,중계2·3동,소계,28366,14847,6397,8023,176,31,24,14651,196,13519
노원구,중계2·3동,관내사전투표,4150,4142,2031,2015,50,8,6,4110,32,8
노원구,중계2·3동,선거일투표,24216,10705,4366,6008,126,23,18,10541,164,13511
노원구,중계4동,소계,16010,8571,3702,4676,69,16,20,8483,88,7439
노원구,중계4동,관내사전투표,2862,2860,1363,1446,16,5,7,2837,23,2
노원구,중계4동,선거일투표,13148,5711,2339,3230,53,11,13,5646,65,7437
노원구,상계1동,소계,31175,15865,6807,8662,214,36,25,15744,121,15310
노원구,상계1동,관내사전투표,5090,5035,2412,2535,63,6,4,5020,15,55
노원구,상계1동,선거일투표,26085,10830,4395,6127,151,30,21,10724,106,15255
노원구,상계2동,소계,16665,8302,3389,4719,71,21,18,8218,84,8363
노원구,상계2동,관내사전투표,3380,3380,1499,1818,21,8,9,3355,25,0
노원구,상계2동,선거일투표,13285,4922,1890,2901,50,13,9,4863,59,8363
노원구,상계3·4동,소계,21394,10624,4292,6033,114,23,19,10481,143,10770
노원구,상계3·4동,관내사전투표,2992,2983,1376,1543,28,4,3,2954,29,9
노원구,상계3·4동,선거일투표,18402,7641,2916,4490,86,19,16,7527,114,10761
노원구,상계5동,소계,20460,10251,4137,5820,117,21,25,10120,131,10209
노원구,상계5동,관내사전투표,3437,3433,1537,1826,38,4,9,3414,19,4
노원구,상계5동,선거일투표,17023,6818,2600,3994,79,17,16,6706,112,10205
노원구,상계6·7동,소계,25867,13711,5543,7814,161,39,32,13589,122,12156
노원구,상계6·7동,관내사전투표,2882,2880,1400,1426,30,10,7,2873,7,2
노원구,상계6·7동,선거일투표,22985,10831,4143,6388,131,29,25,10716,115,12154
노원구,상계8동,소계,17578,9506,4160,5076,159,24,14,9433,73,8072
노원구,상계8동,관내사전투표,3383,3365,1703,1586,49,7,3,3348,17,18
노원구,상계8동,선거일투표,14195,6141,2457,3490,110,17,11,6085,56,8054
노원구,상계9동,소계,16605,9127,3717,5189,114,14,11,9045,82,7478
노원구,상계9동,관내사전투표,3275,3268,1475,1731,45,5,3,3259,9,7
노원구,상계9동,선거일투표,13330,5859,2242,3458,69,9,8,5786,73,7471
노원구,상계10동,소계,15137,8264,3289,4781,101,16,15,8202,62,6873
노원구,상계10동,관내사전투표,2879,2872,1313,1493,43,5,2,2856,16,7
노원구,상계10동,선거일투표,12258,5392,1976,3288,58,11,13,5346,46,6866
노원구,잘못 투입·구분된 투표지,,0,393,192,191,3,3,1,390,3,-393
은평구,,,,,더불어민주당 송영길,국민의힘 오세훈,정의당 권수정,기본소득당 신지혜,무소속 김광종,,,
은평구,합계,,418387,215968,95155,114391,3059,749,472,213826,2142,202419
은평구,거소투표,,892,845,299,365,30,25,22,741,104,47
은평구,관외사전투표,,28755,28743,13991,13844,521,119,71,28546,197,12
은평구,녹번동,소계,30320,14236,5890,7998,181,41,19,14129,107,16084
은평구,녹번동,관내사전투표,4832,4831,2249,2490,54,13,3,4809,22,1
은평구,녹번동,선거일투표,25488,9405,3641,5508,127,28,16,9320,85,16083
은평구,응암제1동,소계,26100,12548,5468,6770,154,37,18,12447,101,13552
은평구,응암제1동,관내사전투표,3927,3926,1867,1989,35,11,5,3907,19,1
은평구,응암제1동,선거일투표,22173,8622,3601,4781,119,26,13,8540,82,13551
은평구,응암제2동,소계,20931,10095,4408,5439,133,24,18,10022,73,10836
은평구,응암제2동,관내사전투표,2803,2803,1350,1400,27,8,4,2789,14,0
은평구,응암제2동,선거일투표,18128,7292,3058,4039,106,16,14,7233,59,10836
은평구,응암제3동,소계,21627,9861,4486,5053,119,33,24,9715,146,11766
은평구,응암제3동,관내사전투표,4010,4010,1994,1934,35,8,9,3980,30,0
은평구,응암제3동,선거일투표,17617,5851,2492,3119,84,25,15,5735,116,11766
은평구,역촌동,소계,37865,17211,8011,8611,270,54,59,17005,206,20654
은평구,역촌동,관내사전투표,6544,6542,3352,3015,97,19,19,6502,40,2
은평구,역촌동,선거일투표,31321,10669,4659,5596,173,35,40,10503,166,20652
은평구,신사제1동,소계,22757,11130,5047,5743,151,37,27,11005,125,11627
은평구,신사제1동,관내사전투표,4922,4920,2371,2421,61,16,11,4880,40,2
은평구,신사제1동,선거일투표,17835,6210,2676,3322,90,21,16,6125,85,11625
은평구,신사제2동,소계,15864,7337,3083,4004,107,27,17,7238,99,8527
은평구,신사제2동,관내사전투표,2291,2291,1034,1202,25,3,5,2269,22,0
은평구,신사제2동,선거일투표,13573,5046,2049,2802,82,24,12,4969,77,8527
은평구,증산동,소계,13866,7400,3156,4059,98,20,12,7345,55,6466
은평구,증산동,관내사전투표,3172,3172,1472,1631,40,5,5,3153,19,0
은평구,증산동,선거일투표,10694,4228,1684,2428,58,15,7,4192,36,6466
은평구,수색동,소계,10798,5795,2214,3428,62,20,21,5745,50,5003
은평구,수색동,관내사전투표,2068,2068,866,1153,20,8,9,2056,12,0
은평구,수색동,선거일투표,8730,3727,1348,2275,42,12,12,3689,38,5003
은평구,불광제1동,소계,31047,15309,6188,8701,204,55,16,15164,145,15738
은평구,불광제1동,관내사전투표,3867,3865,1804,1994,38,8,2,3846,19,2
은평구,불광제1동,선거일투표,27180,11444,4384,6707,166,47,14,11318,126,15736
은평구,불광제2동,소계,24352,11377,4899,6122,148,51,26,11246,131,12975
은평구,불광제2동,관내사전투표,4164,4164,1979,2074,51,15,7,4126,38,0
은평구,불광제2동,선거일투표,20188,7213,2920,4048,97,36,19,7120,93,12975
은평구,갈현제1동,소계,18193,8187,3501,4467,91,26,24,8109,78,10006
은평구,갈현제1동,관내사전투표,3478,3478,1542,1865,37,7,7,3458,20,0
은평구,갈현제1동,선거일투표,14715,4709,1959,2602,54,19,17,4651,58,10006
은평구,갈현제2동,소계,23720,10850,4902,5616,149,47,25,10739,111,12870
은평구,갈현제2동,관내사전투표,4049,4049,2024,1916,56,13,8,4017,32,0
은평구,갈현제2동,선거일투표,19671,6801,2878,3700,93,34,17,6722,79,12870
은평구,구산동,소계,26246,11798,5281,6138,165,40,24,11648,150,14448
은평구,구산동,관내사전투표,4162,4161,2055,2025,47,8,3,4138,23,1
은평구,구산동,선거일투표,22084,7637,3226,4113,118,32,21,7510,127,14447
은평구,대조동,소계,22729,9723,4308,5131,134,31,16,9620,103,13006
은평구,대조동,관내사전투표,3280,3279,1577,1627,33,8,5,3250,29,1
은평구,대조동,선거일투표,19449,6444,2731,3504,101,23,11,6370,74,13005
은평구,진관동,소계,42325,23474,10002,12876,341,62,33,23314,160,18851
은평구,진관동,관내사전투표,6987,6987,3319,3531,90,13,5,6958,29,0
은평구,진관동,선거일투표,35338,16487,6683,9345,251,49,28,16356,131,18851
은평구,잘못 투입·구분된 투표지,,0,49,21,26,1,0,0,48,1,-49
서대문구,,,,,더불어민주당 송영길,국민의힘 오세훈,정의당 권수정,기본소득당 신지혜,무소속 김광종,,,
서대문구,합계,,271718,146970,61182,81312,2307,608,286,145695,1275,124748
서대문구,거소투표,,317,302,100,175,5,3,5,288,14,15
서대문구,관외사전투표,,19467,19443,9146,9633,378,87,46,19290,153,24
서대문구,충현동,소계,16224,7854,3013,4604,103,32,17,7769,85,8370
서대문구,충현동,관내사전투표,1978,1978,843,1089,20,9,2,1963,15,0
서대문구,충현동,선거일투표,14246,5876,2170,3515,83,23,15,5806,70,8370
서대문구,천연동,소계,14028,7973,3193,4522,151,29,18,7913,60,6055
서대문구,천연동,관내사전투표,2604,2604,1154,1383,43,6,6,2592,12,0
서대문구,천연동,선거일투표,11424,5369,2039,3139,108,23,12,5321,48,6055
서대문구,북아현동,소계,13563,7377,2863,4276,126,23,14,7302,75,6186
서대문구,북아현동,관내사전투표,2897,2893,1313,1502,44,1,4,2864,29,4
서대문구,북아현동,선거일투표,10666,4484,1550,2774,82,22,10,4438,46,6182
서대문구,신촌동,소계,17280,6543,2520,3730,145,76,10,6481,62,10737
서대문구,신촌동,관내사전투표,1501,1499,652,794,26,19,1,1492,7,2
서대문구,신촌동,선거일투표,15779,5044,1868,2936,119,57,9,4989,55,10735
서대문구,연희동,소계,29078,13245,5132,7632,279,77,16,13136,109,15833
서대문구,연희동,관내사전투표,3271,3270,1411,1774,51,13,1,3250,20,1
서대문구,연희동,선거일투표,25807,9975,3721,5858,228,64,15,9886,89,15832
서대문구,홍제제1동,소계,18651,9936,4059,5591,138,42,29,9859,77,8715
서대문구,홍제제1동,관내사전투표,2103,2103,922,1125,29,10,4,2090,13,0
서대문구,홍제제1동,선거일투표,16548,7833,3137,4466,109,32,25,7769,64,8715
서대문구,홍제제2동,소계,11726,6891,2764,3925,96,21,12,6818,73,4835
서대문구,홍제제2동,관내사전투표,2791,2791,1225,1502,36,2,3,2768,23,0
서대문구,홍제제2동,선거일투표,8935,4100,1539,2423,60,19,9,4050,50,4835
서대문구,홍제제3동,소계,14428,7467,3216,4062,87,26,16,7407,60,6961
서대문구,홍제제3동,관내사전투표,2440,2433,1147,1219,29,12,8,2415,18,7
서대문구,홍제제3동,선거일투표,11988,5034,2069,2843,58,14,8,4992,42,6954
서대문구,홍은제1동,소계,18994,10136,4441,5399,145,29,20,10034,102,8858
서대문구,홍은제1동,관내사전투표,3492,3473,1715,1677,37,7,4,3440,33,19
서대문구,홍은제1동,선거일투표,15502,6663,2726,3722,108,22,16,6594,69,8839
서대문구,홍은제2동,소계,21428,9612,3953,5361,155,34,16,9519,93,11816
서대문구,홍은제2동,관내사전투표,2797,2774,1289,1428,28,7,6,2758,16,23
서대문구,홍은제2동,선거일투표,18631,6838,2664,3933,127,27,10,6761,77,11793
서대문구,남가좌제1동,소계,12709,7593,2994,4438,98,17,8,7555,38,5116
서대문구,남가좌제1동,관내사전투표,3332,3331,1454,1811,39,6,5,3315,16,1
서대문구,남가좌제1동,선거일투표,9377,4262,1540,2627,59,11,3,4240,22,5115
서대문구,남가좌제2동,소계,22639,11183,4687,6186,144,46,23,11086,97,11456
서대문구,남가좌제2동,관내사전투표,2788,2787,1364,1370,26,7,6,2773,14,1
서대문구,남가좌제2동,선거일투표,19851,8396,3323,4816,118,39,17,8313,83,11455
서대문구,북가좌제1동,소계,15056,8739,3470,5088,98,18,10,8684,55,6317
서대문구,북가좌제1동,관내사전투표,3685,3683,1637,1974,40,7,5,3663,20,2
서대문구,북가좌제1동,선거일투표,11371,5056,1833,3114,58,11,5,5021,35,6315
서대문구,북가좌제2동,소계,26130,12583,5589,6640,159,47,26,12461,122,13547
서대문구,북가좌제2동,관내사전투표,3949,3947,1991,1876,45,8,2,3922,25,2
서대문구,북가좌제2동,선거일투표,22181,8636,3598,4764,114,39,24,8539,97,13545
서대문구,잘못 투입·구분된 투표지,,0,93,42,50,0,1,0,93,0,-93
마포구,,,,,더불어민주당 송영길,국민의힘 오세훈,정의당 권수정,기본소득당 신지혜,무소속 김광종,,,
마포구,합계,,324528,175023,70936,98271,3456,753,297,173713,1310,149505
마포구,거소투표,,307,287,83,181,6,0,3,273,14,20
마포구,관외사전투표,,24303,24293,10980,12424,550,102,47,24103,190,10
마포구,공덕동,소계,29614,13766,5361,8045,184,47,22,13659,107,15848
마포구,공덕동,관내사전투표,2823,2822,1289,1475,28,8,2,2802,20,1
마포구,공덕동,선거일투표,26791,10944,4072,6570,156,39,20,10857,87,15847
마포구,아현동,소계,19710,10696,3529,6918,153,25,15,10640,56,9014
마포구,아현동,관내사전투표,2855,2854,1038,1764,34,6,3,2845,9,1
마포구,아현동,선거일투표,16855,7842,2491,5154,119,19,12,7795,47,9013
마포구,도화동,소계,17453,9933,3416,6251,148,31,13,9859,74,7520
마포구,도화동,관내사전투표,2956,2955,1200,1679,45,10,2,2936,19,1
마포구,도화동,선거일투표,14497,6978,2216,4572,103,21,11,6923,55,7519
마포구,용강동,소계,16698,9278,3269,5820,108,15,11,9223,55,7420
마포구,용강동,관내사전투표,3117,3117,1317,1741,41,8,1,3108,9,0
마포구,용강동,선거일투표,13581,6161,1952,4079,67,7,10,6115,46,7420
마포구,대흥동,소계,12219,5518,2113,3207,99,41,5,5465,53,6701
마포구,대흥동,관내사전투표,1808,1808,796,952,31,11,1,1791,17,0
마포구,대흥동,선거일투표,10411,3710,1317,2255,68,30,4,3674,36,6701
마포구,염리동,소계,13433,6894,2634,4084,96,32,10,6856,38,6539
마포구,염리동,관내사전투표,2430,2430,1099,1277,32,9,6,2423,7,0
마포구,염리동,선거일투표,11003,4464,1535,2807,64,23,4,4433,31,6539
마포구,신수동,소계,17622,9010,3382,5388,141,27,10,8948,62,8612
마포구,신수동,관내사전투표,2773,2772,1170,1544,42,8,1,2765,7,1
마포구,신수동,선거일투표,14849,6238,2212,3844,99,19,9,6183,55,8611
마포구,서강동,소계,20340,10428,3898,6205,218,38,16,10375,53,9912
마포구,서강동,관내사전투표,2891,2891,1219,1588,67,7,3,2884,7,0
마포구,서강동,선거일투표,17449,7537,2679,4617,151,31,13,7491,46,9912
마포구,서교동,소계,21198,8765,3690,4722,238,45,16,8711,54,12433
마포구,서교동,관내사전투표,2427,2427,1201,1143,66,7,3,2420,7,0
마포구,서교동,선거일투표,18771,6338,2489,3579,172,38,13,6291,47,12433
마포구,합정동,소계,14912,7419,3136,3980,185,48,7,7356,63,7493
마포구,합정동,관내사전투표,2544,2544,1229,1221,67,13,0,2530,14,0
마포구,합정동,선거일투표,12368,4875,1907,2759,118,35,7,4826,49,7493
마포구,망원1동,소계,17046,8379,3729,4323,191,51,20,8314,65,8667
마포구,망원1동,관내사전투표,3187,3186,1549,1535,67,12,3,3166,20,1
마포구,망원1동,선거일투표,13859,5193,2180,2788,124,39,17,5148,45,8666
마포구,망원2동,소계,15427,7923,3653,3949,181,47,18,7848,75,7504
마포구,망원2동,관내사전투표,2798,2798,1473,1230,55,14,4,2776,22,0
마포구,망원2동,선거일투표,12629,5125,2180,2719,126,33,14,5072,53,7504
마포구,연남동,소계,13603,6548,2834,3442,162,45,6,6489,59,7055
마포구,연남동,관내사전투표,2409,2408,1188,1126,62,19,1,2396,12,1
마포구,연남동,선거일투표,11194,4140,1646,2316,100,26,5,4093,47,7054
마포구,성산1동,소계,15469,7054,3302,3396,240,51,11,7000,54,8415
마포구,성산1동,관내사전투표,2199,2199,1155,953,62,11,4,2185,14,0
마포구,성산1동,선거일투표,13270,4855,2147,2443,178,40,7,4815,40,8415
마포구,성산2동,소계,31662,16017,6752,8698,332,60,42,15884,133,15645
마포구,성산2동,관내사전투표,4076,4070,1916,2027,79,11,14,4047,23,6
마포구,성산2동,선거일투표,27586,11947,4836,6671,253,49,28,11837,110,15639
마포구,상암동,소계,23512,12786,5163,7223,223,48,25,12682,104,10726
마포구,상암동,관내사전투표,3285,3280,1470,1736,45,10,6,3267,13,5
마포구,상암동,선거일투표,20227,9506,3693,5487,178,38,19,9415,91,10721
마포구,잘못 투입·구분된 투표지,,0,29,12,15,1,0,0,28,1,-29
양천구,,,,,더불어민주당 송영길,국민의힘 오세훈,정의당 권수정,기본소득당 신지혜,무소속 김광종,,,
양천구,합계,,378444,209694,82777,122449,2150,501,443,208320,1374,168750
양천구,거소투표,,428,410,124,263,6,2,4,399,11,18
양천구,관외사전투표,,27120,27113,11803,14649,308,87,84,26931,182,7
양천구,목1동,소계,22101,12231,3901,8128,103,22,22,12176,55,9870
양천구,목1동,관내사전투표,3042,3042,1098,1899,22,6,2,3027,15,0
양천구,목1동,선거일투표,19059,9189,2803,6229,81,16,20,9149,40,9870
양천구,목2동,소계,24720,12428,5195,6901,152,49,45,12342,86,12292
양천구,목2동,관내사전투표,4322,4322,2085,2128,52,15,13,4293,29,0
양천구,목2동,선거일투표,20398,8106,3110,4773,100,34,32,8049,57,12292
양천구,목3동,소계,18221,8739,3390,5160,97,24,14,8685,54,9482
양천구,목3동,관내사전투표,3325,3325,1409,1858,34,8,5,3314,11,0
양천구,목3동,선거일투표,14896,5414,1981,3302,63,16,9,5371,43,9482
양천구,목4동,소계,20781,10624,4326,6070,111,27,21,10555,69,10157
양천구,목4동,관내사전투표,3859,3858,1650,2146,40,5,2,3843,15,1
양천구,목4동,선거일투표,16922,6766,2676,3924,71,22,19,6712,54,10156
양천구,목5동,소계,29317,17381,5094,11982,187,28,20,17311,70,11936
양천구,목5동,관내사전투표,4657,4656,1605,2977,52,4,2,4640,16,1
양천구,목5동,선거일투표,24660,12725,3489,9005,135,24,18,12671,54,11935
양천구,신월1동,소계,17683,7994,3440,4366,89,19,17,7931,63,9689
양천구,신월1동,관내사전투표,2343,2342,1098,1191,27,12,3,2331,11,1
양천구,신월1동,선거일투표,15340,5652,2342,3175,62,7,14,5600,52,9688
양천구,신월2동,소계,16062,7983,3321,4488,79,17,17,7922,61,8079
양천구,신월2동,관내사전투표,2754,2754,1225,1474,20,3,7,2729,25,0
양천구,신월2동,선거일투표,13308,5229,2096,3014,59,14,10,5193,36,8079
양천구,신월3동,소계,12550,5268,2349,2779,52,17,8,5205,63,7282
양천구,신월3동,관내사전투표,2053,2052,954,1049,19,4,2,2028,24,1
양천구,신월3동,선거일투표,10497,3216,1395,1730,33,13,6,3177,39,7281
양천구,신월4동,소계,14440,7465,3413,3896,70,7,23,7409,56,6975
양천구,신월4동,관내사전투표,2770,2769,1343,1386,19,1,6,2755,14,1
양천구,신월4동,선거일투표,11670,4696,2070,2510,51,6,17,4654,42,6974
양천구,신월5동,소계,12328,5928,2624,3179,62,17,13,5895,33,6400
양천구,신월5동,관내사전투표,2630,2630,1214,1367,26,6,7,2620,10,0
양천구,신월5동,선거일투표,9698,3298,1410,1812,36,11,6,3275,23,6400
양천구,신월6동,소계,11413,6524,2681,3742,53,10,11,6497,27,4889
양천구,신월6동,관내사전투표,2937,2938,1320,1587,18,4,2,2931,7,-1
양천구,신월6동,선거일투표,8476,3586,1361,2155,35,6,9,3566,20,4890
양천구,신월7동,소계,16851,8616,3588,4824,69,19,15,8515,101,8235
양천구,신월7동,관내사전투표,3043,3043,1354,1628,28,4,3,3017,26,0
양천구,신월7동,선거일투표,13808,5573,2234,3196,41,15,12,5498,75,8235
양천구,신정1동,소계,14319,8031,2635,5257,76,12,13,7993,38,6288
양천구,신정1동,관내사전투표,2152,2152,875,1245,20,3,4,2147,5,0
양천구,신정1동,선거일투표,12167,5879,1760,4012,56,9,9,5846,33,6288
양천구,신정2동,소계,15135,8300,3354,4790,75,20,9,8248,52,6835
양천구,신정2동,관내사전투표,2931,2928,1330,1555,27,5,2,2919,9,3
양천구,신정2동,선거일투표,12204,5372,2024,3235,48,15,7,5329,43,6832
양천구,신정3동,소계,37547,19099,8172,10558,179,38,36,18983,116,18448
양천구,신정3동,관내사전투표,3349,3349,1487,1806,27,6,8,3334,15,0
양천구,신정3동,선거일투표,34198,15750,6685,8752,152,32,28,15649,101,18448
양천구,신정4동,소계,27770,12786,5559,6921,132,30,29,12671,115,14984
양천구,신정4동,관내사전투표,3757,3756,1782,1896,30,9,9,3726,30,1
양천구,신정4동,선거일투표,24013,9030,3777,5025,102,21,20,8945,85,14983
양천구,신정6동,소계,17519,10392,3196,6990,124,25,20,10355,37,7127
양천구,신정6동,관내사전투표,2312,2312,813,1455,28,6,2,2304,8,0
양천구,신정6동,선거일투표,15207,8080,2383,5535,96,19,18,8051,29,7127
양천구,신정7동,소계,22139,12348,4601,7486,125,31,22,12265,83,9791
양천구,신정7동,관내사전투표,2580,2579,1098,1434,28,6,2,2568,11,1
양천구,신정7동,선거일투표,19559,9769,3503,6052,97,25,20,9697,72,9790
양천구,잘못 투입·구분된 투표지,,0,34,11,20,1,0,0,32,2,-34
강서구,,,,,더불어민주당 송영길,국민의힘 오세훈,정의당 권수정,기본소득당 신지혜,무소속 김광종,,,
강서구,합계,,504606,260947,108938,145128,3350,723,591,258730,2217,243659
강서구,거소투표,,597,559,187,335,4,3,6,535,24,38
강서구,관외사전투표,,31431,31411,14652,15823,476,118,103,31172,239,20
강서구,염창동,소계,31807,17615,7205,10002,248,39,29,17523,92,14192
강서구,염창동,관내사전투표,5167,5165,2353,2731,53,8,5,5150,15,2
강서구,염창동,선거일투표,26640,12450,4852,7271,195,31,24,12373,77,14190
강서구,등촌제1동,소계,20983,9697,3948,5479,153,26,18,9624,73,11286
강서구,등촌제1동,관내사전투표,3572,3572,1621,1858,58,8,6,3551,21,0
강서구,등촌제1동,선거일투표,17411,6125,2327,3621,95,18,12,6073,52,11286
강서구,등촌제2동,소계,16697,8504,3180,5138,89,20,9,8436,68,8193
강서구,등촌제2동,관내사전투표,3117,3117,1274,1795,25,4,3,3101,16,0
강서구,등촌제2동,선거일투표,13580,5387,1906,3343,64,16,6,5335,52,8193
강서구,등촌제3동,소계,26033,14032,5487,8081,180,48,66,13862,170,12001
강서구,등촌제3동,관내사전투표,3877,3876,1828,1967,38,10,8,3851,25,1
강서구,등촌제3동,선거일투표,22156,10156,3659,6114,142,38,58,10011,145,12000
강서구,화곡본동,소계,28304,11346,5127,5898,157,54,17,11253,93,16958
강서구,화곡본동,관내사전투표,3848,3848,1918,1849,42,10,9,3828,20,0
강서구,화곡본동,선거일투표,24456,7498,3209,4049,115,44,8,7425,73,16958
강서구,화곡제1동,소계,44226,17282,7692,9165,217,40,37,17151,131,26944
강서구,화곡제1동,관내사전투표,5276,5274,2510,2671,48,7,5,5241,33,2
강서구,화곡제1동,선거일투표,38950,12008,5182,6494,169,33,32,11910,98,26942
강서구,화곡제2동,소계,14779,6338,2917,3267,77,31,11,6303,35,8441
강서구,화곡제2동,관내사전투표,2545,2545,1269,1227,26,7,3,2532,13,0
강서구,화곡제2동,선거일투표,12234,3793,1648,2040,51,24,8,3771,22,8441
강서구,화곡제3동,소계,18046,9453,3556,5659,134,23,17,9389,64,8593
강서구,화곡제3동,관내사전투표,2664,2664,1179,1413,35,7,7,2641,23,0
강서구,화곡제3동,선거일투표,15382,6789,2377,4246,99,16,10,6748,41,8593
강서구,화곡제4동,소계,17703,7864,3369,4306,84,17,19,7795,69,9839
강서구,화곡제4동,관내사전투표,3194,3194,1543,1585,36,7,4,3175,19,0
강서구,화곡제4동,선거일투표,14509,4670,1826,2721,48,10,15,4620,50,9839
강서구,화곡제6동,소계,21634,10361,4165,5936,122,30,26,10279,82,11273
강서구,화곡제6동,관내사전투표,3493,3492,1654,1755,44,12,6,3471,21,1
강서구,화곡제6동,선거일투표,18141,6869,2511,4181,78,18,20,6808,61,11272
강서구,화곡제8동,소계,21633,10045,4767,5009,130,30,15,9951,94,11588
강서구,화곡제8동,관내사전투표,4254,4253,2210,1953,54,10,5,4232,21,1
강서구,화곡제8동,선거일투표,17379,5792,2557,3056,76,20,10,5719,73,11587
강서구,우장산동,소계,31547,16070,6213,9563,165,26,20,15987,83,15477
강서구,우장산동,관내사전투표,3919,3919,1688,2185,29,4,2,3908,11,0
강서구,우장산동,선거일투표,27628,12151,4525,7378,136,22,18,12079,72,15477
강서구,가양제1동,소계,28128,12437,4820,7260,213,35,22,12350,87,15691
강서구,가양제1동,관내사전투표,3160,3159,1364,1734,37,11,3,3149,10,1
강서구,가양제1동,선거일투표,24968,9278,3456,5526,176,24,19,9201,77,15690
강서구,가양제2동,소계,13009,7361,2742,4365,83,13,28,7231,130,5648
강서구,가양제2동,관내사전투표,2558,2557,1074,1427,22,3,9,2535,22,1
강서구,가양제2동,선거일투표,10451,4804,1668,2938,61,10,19,4696,108,5647
강서구,가양제3동,소계,13315,7331,2905,4195,91,23,16,7230,101,5984
강서구,가양제3동,관내사전투표,2567,2567,1197,1309,26,6,5,2543,24,0
강서구,가양제3동,선거일투표,10748,4764,1708,2886,65,17,11,4687,77,5984
강서구,발산제1동,소계,27949,14732,6634,7739,161,33,33,14600,132,13217
강서구,발산제1동,관내사전투표,4129,4124,2065,1977,42,9,5,4098,26,5
강서구,발산제1동,선거일투표,23820,10608,4569,5762,119,24,28,10502,106,13212
강서구,공항동,소계,24112,10867,4498,6112,132,23,24,10789,78,13245
강서구,공항동,관내사전투표,2819,2818,1289,1471,27,10,4,2801,17,1
강서구,공항동,선거일투표,21293,8049,3209,4641,105,13,20,7988,61,13244
강서구,방화제1동,소계,33514,17614,7189,10022,196,38,24,17469,145,15900
강서구,방화제1동,관내사전투표,5393,5391,2501,2792,57,13,8,5371,20,2
강서구,방화제1동,선거일투표,28121,12223,4688,7230,139,25,16,12098,125,15898
강서구,방화제2동,소계,19859,9519,3565,5683,99,30,28,9405,114,10340
강서구,방화제2동,관내사전투표,2607,2607,1139,1427,23,4,1,2594,13,0
강서구,방화제2동,선거일투표,17252,6912,2426,4256,76,26,27,6811,101,10340
강서구,방화제3동,소계,19300,10464,4101,6067,139,23,23,10353,111,8836
강서구,방화제3동,관내사전투표,3519,3519,1580,1874,32,7,5,3498,21,0
강서구,방화제3동,선거일투표,15781,6945,2521,4193,107,16,18,6855,90,8836
강서구,잘못 투입·구분된 투표지,,0,45,19,24,0,0,0,43,2,-45
구로구,,,,,더불어민주당 송영길,국민의힘 오세훈,정의당 권수정,기본소득당 신지혜,무소속 김광종,,,
구로구,합계,,353697,188094,78250,104643,2319,553,415,186180,1914,165603
구로구,거소투표,,407,383,140,210,8,3,5,366,17,24
구로구,관외사전투표,,20210,20199,9484,10075,320,94,53,20026,173,11
구로구,신도림동,소계,28279,15975,5908,9708,183,57,26,15882,93,12304
구로구,신도림동,관내사전투표,4404,4403,1921,2400,44,16,4,4385,18,1
구로구,신도림동,선거일투표,23875,11572,3987,7308,139,41,22,11497,75,12303
구로구,구로제1동,소계,16650,9294,3842,5268,102,14,19,9245,49,7356
구로구,구로제1동,관내사전투표,3678,3677,1708,1903,33,7,7,3658,19,1
구로구,구로제1동,선거일투표,12972,5617,2134,3365,69,7,12,5587,30,7355
구로구,구로제2동,소계,21865,8901,3740,4914,73,24,26,8777,124,12964
구로구,구로제2동,관내사전투표,2588,2588,1261,1279,17,2,9,2568,20,0
구로구,구로제2동,선거일투표,19277,6313,2479,3635,56,22,17,6209,104,12964
구로구,구로제3동,소계,20910,9620,4605,4722,112,28,25,9492,128,11290
구로구,구로제3동,관내사전투표,3443,3443,1858,1511,34,10,4,3417,26,0
구로구,구로제3동,선거일투표,17467,6177,2747,3211,78,18,21,6075,102,11290
구로구,구로제4동,소계,17546,7571,3279,4073,68,16,19,7455,116,9975
구로구,구로제4동,관내사전투표,2073,2073,1011,1021,11,5,3,2051,22,0
구로구,구로제4동,선거일투표,15473,5498,2268,3052,57,11,16,5404,94,9975
구로구,구로제5동,소계,25660,12310,5125,6842,177,33,22,12199,111,13350
구로구,구로제5동,관내사전투표,3243,3243,1560,1599,42,7,6,3214,29,0
구로구,구로제5동,선거일투표,22417,9067,3565,5243,135,26,16,8985,82,13350
구로구,가리봉동,소계,8748,3074,1273,1681,36,15,12,3017,57,5674
구로구,가리봉동,관내사전투표,1119,1119,554,528,12,3,6,1103,16,0
구로구,가리봉동,선거일투표,7629,1955,719,1153,24,12,6,1914,41,5674
구로구,고척제1동,소계,18845,10008,3960,5814,112,26,27,9939,69,8837
구로구,고척제1동,관내사전투표,3818,3812,1660,2087,32,8,10,3797,15,6
구로구,고척제1동,선거일투표,15027,6196,2300,3727,80,18,17,6142,54,8831
구로구,고척제2동,소계,21679,11038,4484,6275,118,32,24,10933,105,10641
구로구,고척제2동,관내사전투표,3217,3214,1481,1676,23,5,5,3190,24,3
구로구,고척제2동,선거일투표,18462,7824,3003,4599,95,27,19,7743,81,10638
구로구,개봉제1동,소계,28311,14260,5696,8180,158,47,28,14109,151,14051
구로구,개봉제1동,관내사전투표,4355,4350,1922,2326,45,15,8,4316,34,5
구로구,개봉제1동,선거일투표,23956,9910,3774,5854,113,32,20,9793,117,14046
구로구,개봉제2동,소계,26040,14632,5923,8335,141,24,37,14460,172,11408
구로구,개봉제2동,관내사전투표,4248,4248,1917,2255,40,5,3,4220,28,0
구로구,개봉제2동,선거일투표,21792,10384,4006,6080,101,19,34,10240,144,11408
구로구,개봉제3동,소계,17185,8394,3561,4634,80,22,17,8314,80,8791
구로구,개봉제3동,관내사전투표,3084,3084,1437,1586,20,7,6,3056,28,0
구로구,개봉제3동,선거일투표,14101,5310,2124,3048,60,15,11,5258,52,8791
구로구,오류제1동,소계,19864,9650,3928,5426,134,30,22,9540,110,10214
구로구,오류제1동,관내사전투표,3535,3528,1639,1814,34,13,5,3505,23,7
구로구,오류제1동,선거일투표,16329,6122,2289,3612,100,17,17,6035,87,10207
구로구,오류제2동,소계,29993,15617,6443,8656,263,44,33,15439,178,14376
구로구,오류제2동,관내사전투표,4353,4349,2088,2140,64,11,10,4313,36,4
구로구,오류제2동,선거일투표,25640,11268,4355,6516,199,33,23,11126,142,14372
구로구,수궁동,소계,19489,10422,3813,6322,117,27,14,10293,129,9067
구로구,수궁동,관내사전투표,3089,3084,1360,1653,35,6,4,3058,26,5
구로구,수궁동,선거일투표,16400,7338,2453,4669,82,21,10,7235,103,9062
구로구,항동,소계,12016,6691,3022,3478,116,17,6,6639,52,5325
구로구,항동,관내사전투표,2379,2370,1200,1100,49,4,0,2353,17,9
구로구,항동,선거일투표,9637,4321,1822,2378,67,13,6,4286,35,5316
구로구,잘못 투입·구분된 투표지,,0,55,24,30,1,0,0,55,0,-55
금천구,,,,,더불어민주당 송영길,국민의힘 오세훈,정의당 권수정,기본소득당 신지혜,무소속 김광종,,,
금천구,합계,,212879,105833,46314,56374,1364,320,309,104681,1152,107046
금천구,거소투표,,279,246,71,131,5,1,1,209,37,33
금천구,관외사전투표,,12540,12535,6125,6014,195,48,44,12426,109,5
금천구,가산동,소계,22143,8608,3917,4385,129,38,22,8491,117,13535
금천구,가산동,관내사전투표,2997,2996,1552,1347,43,16,7,2965,31,1
금천구,가산동,선거일투표,19146,5612,2365,3038,86,22,15,5526,86,13534
금천구,독산제1동,소계,37524,17167,7328,9354,246,58,46,17032,135,20357
금천구,독산제1동,관내사전투표,3204,3198,1525,1601,39,8,10,3183,15,6
금천구,독산제1동,선거일투표,34320,13969,5803,7753,207,50,36,13849,120,20351
금천구,독산제2동,소계,16056,6686,2983,3497,95,19,20,6614,72,9370
금천구,독산제2동,관내사전투표,2306,2303,1118,1129,31,6,1,2285,18,3
금천구,독산제2동,선거일투표,13750,4383,1865,2368,64,13,19,4329,54,9367
금천구,독산제3동,소계,22271,9664,4426,4936,121,30,30,9543,121,12607
금천구,독산제3동,관내사전투표,3546,3537,1778,1652,29,13,8,3480,57,9
금천구,독산제3동,선거일투표,18725,6127,2648,3284,92,17,22,6063,64,12598
금천구,독산제4동,소계,13915,6460,2898,3364,89,16,12,6379,81,7455
금천구,독산제4동,관내사전투표,2935,2933,1425,1430,40,5,4,2904,29,2
금천구,독산제4동,선거일투표,10980,3527,1473,1934,49,11,8,3475,52,7453
금천구,시흥제1동,소계,27745,12653,5188,7136,150,21,26,12521,132,15092
금천구,시흥제1동,관내사전투표,4136,4135,1816,2217,48,8,7,4096,39,1
금천구,시흥제1동,선거일투표,23609,8518,3372,4919,102,13,19,8425,93,15091
금천구,시흥제2동,소계,17055,9984,4190,5526,102,15,41,9874,110,7071
금천구,시흥제2동,관내사전투표,3199,3197,1513,1613,28,2,12,3168,29,2
금천구,시흥제2동,선거일투표,13856,6787,2677,3913,74,13,29,6706,81,7069
금천구,시흥제3동,소계,9385,5120,2169,2837,40,18,14,5078,42,4265
금천구,시흥제3동,관내사전투표,2114,2113,996,1086,12,3,5,2102,11,1
금천구,시흥제3동,선거일투표,7271,3007,1173,1751,28,15,9,2976,31,4264
금천구,시흥제4동,소계,17358,8202,3429,4572,85,18,19,8123,79,9156
금천구,시흥제4동,관내사전투표,2827,2826,1315,1446,29,6,6,2802,24,1
금천구,시흥제4동,선거일투표,14531,5376,2114,3126,56,12,13,5321,55,9155
금천구,시흥제5동,소계,16608,8474,3576,4603,107,38,34,8358,116,8134
금천구,시흥제5동,관내사전투표,3659,3657,1645,1902,47,12,9,3615,42,2
금천구,시흥제5동,선거일투표,12949,4817,1931,2701,60,26,25,4743,74,8132
금천구,잘못 투입·구분된 투표지,,0,34,14,19,0,0,0,33,1,-34
영등포구,,,,,더불어민주당 송영길,국민의힘 오세훈,정의당 권수정,기본소득당 신지혜,무소속 김광종,,,
영등포구,합계,,340017,181102,68663,107910,2185,541,344,179643,1459,158915
영등포구,거소투표,,348,328,105,197,2,1,5,310,18,20
영등포구,관외사전투표,,24719,24704,10824,13200,374,92,48,24538,166,15
영등포구,영등포본동,소계,18210,9178,3594,5392,80,30,16,9112,66,9032
영등포구,영등포본동,관내사전투표,2699,2698,1178,1464,24,12,3,2681,17,1
영등포구,영등포본동,선거일투표,15511,6480,2416,3928,56,18,13,6431,49,9031
영등포구,영등포동,소계,24737,9577,3582,5733,139,24,22,9500,77,15160
영등포구,영등포동,관내사전투표,2383,2383,1088,1242,34,3,7,2374,9,0
영등포구,영등포동,선거일투표,22354,7194,2494,4491,105,21,15,7126,68,15160
영등포구,여의동,소계,26360,15285,3023,12025,109,28,17,15202,83,11075
영등포구,여의동,관내사전투표,3959,3959,1001,2906,23,9,3,3942,17,0
영등포구,여의동,선거일투표,22401,11326,2022,9119,86,19,14,11260,66,11075
영등포구,당산제1동,소계,17170,8431,3234,4981,110,29,16,8370,61,8739
영등포구,당산제1동,관내사전투표,2515,2514,1060,1401,35,7,4,2507,7,1
영등포구,당산제1동,선거일투표,14655,5917,2174,3580,75,22,12,5863,54,8738
영등포구,당산제2동,소계,30206,15796,5444,9916,244,54,19,15677,119,14410
영등포구,당산제2동,관내사전투표,4058,4058,1644,2333,55,5,5,4042,16,0
영등포구,당산제2동,선거일투표,26148,11738,3800,7583,189,49,14,11635,103,14410
영등포구,도림동,소계,15666,7168,2993,3961,90,28,16,7088,80,8498
영등포구,도림동,관내사전투표,2517,2515,1206,1250,26,6,4,2492,23,2
영등포구,도림동,선거일투표,13149,4653,1787,2711,64,22,12,4596,57,8496
영등포구,문래동,소계,25236,14075,5409,8357,163,39,17,13985,90,11161
영등포구,문래동,관내사전투표,3508,3508,1520,1919,35,10,6,3490,18,0
영등포구,문래동,선거일투표,21728,10567,3889,6438,128,29,11,10495,72,11161
영등포구,양평제1동,소계,15415,7403,3106,4073,119,20,12,7330,73,8012
영등포구,양평제1동,관내사전투표,2700,2698,1272,1364,38,5,4,2683,15,2
영등포구,양평제1동,선거일투표,12715,4705,1834,2709,81,15,8,4647,58,8010
영등포구,양평제2동,소계,18152,9398,3937,5203,150,29,11,9330,68,8754
영등포구,양평제2동,관내사전투표,2728,2727,1284,1377,38,10,4,2713,14,1
영등포구,양평제2동,선거일투표,15424,6671,2653,3826,112,19,7,6617,54,8753
영등포구,신길제1동,소계,15293,6546,2692,3687,79,19,8,6485,61,8747
영등포구,신길제1동,관내사전투표,1997,1996,965,995,20,4,0,1984,12,1
영등포구,신길제1동,선거일투표,13296,4550,1727,2692,59,15,8,4501,49,8746
영등포구,신길제3동,소계,13600,6650,2513,3979,56,26,9,6583,67,6950
영등포구,신길제3동,관내사전투표,1748,1748,787,933,9,5,3,1737,11,0
영등포구,신길제3동,선거일투표,11852,4902,1726,3046,47,21,6,4846,56,6950
영등포구,신길제4동,소계,10437,5505,2130,3251,50,14,8,5453,52,4932
영등포구,신길제4동,관내사전투표,1677,1677,788,851,15,5,2,1661,16,0
영등포구,신길제4동,선거일투표,8760,3828,1342,2400,35,9,6,3792,36,4932
영등포구,신길제5동,소계,8952,4431,1777,2563,36,18,11,4405,26,4521
영등포구,신길제5동,관내사전투표,1567,1567,711,832,9,6,1,1559,8,0
영등포구,신길제5동,선거일투표,7385,2864,1066,1731,27,12,10,2846,18,4521
영등포구,신길제6동,소계,15659,7631,2953,4471,98,27,16,7565,66,8028
영등포구,신길제6동,관내사전투표,2359,2357,1047,1251,29,10,5,2342,15,2
영등포구,신길제6동,선거일투표,13300,5274,1906,3220,69,17,11,5223,51,8026
영등포구,신길제7동,소계,14887,8098,2715,5226,73,17,10,8041,57,6789
영등포구,신길제7동,관내사전투표,1976,1976,725,1221,21,2,2,1971,5,0
영등포구,신길제7동,선거일투표,12911,6122,1990,4005,52,15,8,6070,52,6789
영등포구,대림제1동,소계,13172,6402,2679,3571,59,9,22,6340,62,6770
영등포구,대림제1동,관내사전투표,2731,2730,1262,1419,17,5,8,2711,19,1
영등포구,대림제1동,선거일투표,10441,3672,1417,2152,42,4,14,3629,43,6769
영등포구,대림제2동,소계,12423,5043,2147,2756,52,8,14,4977,66,7380
영등포구,대림제2동,관내사전투표,1799,1798,879,877,21,3,4,1784,14,1
영등포구,대림제2동,선거일투표,10624,3245,1268,1879,31,5,10,3193,52,7379
영등포구,대림제3동,소계,19375,9419,3794,5347,102,29,46,9318,101,9956
영등포구,대림제3동,관내사전투표,2645,2644,1247,1338,34,6,9,2634,10,1
영등포구,대림제3동,선거일투표,16730,6775,2547,4009,68,23,37,6684,91,9955
영등포구,잘못 투입·구분된 투표지,,0,34,12,21,0,0,1,34,0,-34
동작구,,,,,더불어민주당 송영길,국민의힘 오세훈,정의당 권수정,기본소득당 신지혜,무소속 김광종,,,
동작구,합계,,344280,187383,74678,108122,2345,548,353,186046,1337,156897
동작구,거소투표,,370,342,118,199,4,4,1,326,16,28
동작구,관외사전투표,,27655,27646,12427,14494,390,98,55,27464,182,9
동작구,노량진제1동,소계,25686,12613,4597,7740,153,24,18,12532,81,13073
동작구,노량진제1동,관내사전투표,2729,2729,1177,1504,29,6,2,2718,11,0
동작구,노량진제1동,선거일투표,22957,9884,3420,6236,124,18,16,9814,70,13073
동작구,노량진제2동,소계,10300,4875,1931,2827,55,13,14,4840,35,5425
동작구,노량진제2동,관내사전투표,2225,2225,993,1195,20,2,7,2217,8,0
동작구,노량진제2동,선거일투표,8075,2650,938,1632,35,11,7,2623,27,5425
동작구,상도제1동,소계,36493,18544,6995,11116,237,47,29,18424,120,17949
동작구,상도제1동,관내사전투표,5681,5680,2361,3210,64,9,6,5650,30,1
동작구,상도제1동,선거일투표,30812,12864,4634,7906,173,38,23,12774,90,17948
동작구,상도제2동,소계,21761,10982,4083,6668,128,28,13,10920,62,10779
동작구,상도제2동,관내사전투표,3777,3776,1613,2106,31,14,2,3766,10,1
동작구,상도제2동,선거일투표,17984,7206,2470,4562,97,14,11,7154,52,10778
동작구,상도제3동,소계,21361,10692,4814,5595,118,33,32,10592,100,10669
동작구,상도제3동,관내사전투표,4312,4310,2078,2125,48,17,12,4280,30,2
동작구,상도제3동,선거일투표,17049,6382,2736,3470,70,16,20,6312,70,10667
동작구,상도제4동,소계,22994,10277,4474,5533,116,32,30,10185,92,12717
동작구,상도제4동,관내사전투표,3864,3864,1845,1944,32,5,11,3837,27,0
동작구,상도제4동,선거일투표,19130,6413,2629,3589,84,27,19,6348,65,12717
동작구,흑석동,소계,25726,13675,4320,9055,161,35,13,13584,91,12051
동작구,흑석동,관내사전투표,4555,4548,1612,2862,39,10,3,4526,22,7
동작구,흑석동,선거일투표,21171,9127,2708,6193,122,25,10,9058,69,12044
동작구,사당제1동,소계,19743,9101,4035,4804,133,37,23,9032,69,10642
동작구,사당제1동,관내사전투표,2710,2708,1337,1305,34,10,3,2689,19,2
동작구,사당제1동,선거일투표,17033,6393,2698,3499,99,27,20,6343,50,10640
동작구,사당제2동,소계,23610,13133,4551,8252,177,38,20,13038,95,10477
동작구,사당제2동,관내사전투표,5095,5091,2086,2889,60,15,6,5056,35,4
동작구,사당제2동,선거일투표,18515,8042,2465,5363,117,23,14,7982,60,10473
동작구,사당제3동,소계,18752,9744,3480,6057,109,14,14,9674,70,9008
동작구,사당제3동,관내사전투표,2311,2311,912,1360,27,0,5,2304,7,0
동작구,사당제3동,선거일투표,16441,7433,2568,4697,82,14,9,7370,63,9008
동작구,사당제4동,소계,12333,6434,2943,3340,75,19,10,6387,47,5899
동작구,사당제4동,관내사전투표,2638,2638,1348,1246,23,4,1,2622,16,0
동작구,사당제4동,선거일투표,9695,3796,1595,2094,52,15,9,3765,31,5899
동작구,사당제5동,소계,11926,6226,2615,3476,70,15,12,6188,38,5700
동작구,사당제5동,관내사전투표,2268,2268,1095,1141,11,8,5,2260,8,0
동작구,사당제5동,선거일투표,9658,3958,1520,2335,59,7,7,3928,30,5700
동작구,대방동,소계,29282,14515,6004,8136,170,65,25,14400,115,14767
동작구,대방동,관내사전투표,4224,4221,1926,2218,49,11,5,4209,12,3
동작구,대방동,선거일투표,25058,10294,4078,5918,121,54,20,10191,103,14764
동작구,신대방제1동,소계,18847,9816,3755,5831,124,19,20,9749,67,9031
동작구,신대방제1동,관내사전투표,3087,3088,1331,1701,32,4,10,3078,10,-1
동작구,신대방제1동,선거일투표,15760,6728,2424,4130,92,15,10,6671,57,9032
동작구,신대방제2동,소계,17441,8727,3521,4974,125,27,24,8671,56,8714
동작구,신대방제2동,관내사전투표,2679,2678,1261,1354,40,7,5,2667,11,1
동작구,신대방제2동,선거일투표,14762,6049,2260,3620,85,20,19,6004,45,8713
동작구,잘못 투입·구분된 투표지,,0,41,15,25,0,0,0,40,1,-41
관악구,,,,,더불어민주당 송영길,국민의힘 오세훈,정의당 권수정,기본소득당 신지혜,무소속 김광종,,,
관악구,합계,,450180,226801,100445,119009,3545,815,579,224393,2408,223379
관악구,거소투표,,451,414,161,226,3,0,3,393,21,37
관악구,관외사전투표,,28503,28491,13869,13582,557,137,91,28236,255,12
관악구,보라매동,소계,21094,9853,4387,5134,128,37,29,9715,138,11241
관악구,보라매동,관내사전투표,3018,3018,1575,1357,36,11,9,2988,30,0
관악구,보라매동,선거일투표,18076,6835,2812,3777,92,26,20,6727,108,11241
관악구,은천동,소계,27315,13813,6317,7157,170,28,39,13711,102,13502
관악구,은천동,관내사전투표,4841,4839,2514,2225,53,13,9,4814,25,2
관악구,은천동,선거일투표,22474,8974,3803,4932,117,15,30,8897,77,13500
관악구,성현동,소계,23228,12618,5507,6777,130,29,22,12465,153,10610
관악구,성현동,관내사전투표,3172,3170,1554,1559,30,5,2,3150,20,2
관악구,성현동,선거일투표,20056,9448,3953,5218,100,24,20,9315,133,10608
관악구,중앙동,소계,13663,6046,2818,3010,104,27,16,5975,71,7617
관악구,중앙동,관내사전투표,2418,2418,1273,1079,26,11,7,2396,22,0
관악구,중앙동,선거일투표,11245,3628,1545,1931,78,16,9,3579,49,7617
관악구,청림동,소계,12441,7360,3111,4080,92,10,6,7299,61,5081
관악구,청림동,관내사전투표,2440,2439,1169,1229,27,2,0,2427,12,1
관악구,청림동,선거일투표,10001,4921,1942,2851,65,8,6,4872,49,5080
관악구,행운동,소계,25211,11925,5275,6224,190,56,32,11777,148,13286
관악구,행운동,관내사전투표,3590,3590,1821,1651,56,19,8,3555,35,0
관악구,행운동,선거일투표,21621,8335,3454,4573,134,37,24,8222,113,13286
관악구,청룡동,소계,31041,14076,6201,7402,222,67,43,13935,141,16965
관악구,청룡동,관내사전투표,3985,3981,2027,1850,48,8,20,3953,28,4
관악구,청룡동,선거일투표,27056,10095,4174,5552,174,59,23,9982,113,16961
관악구,낙성대동,소계,14581,6495,2788,3449,155,31,16,6439,56,8086
관악구,낙성대동,관내사전투표,2167,2167,1059,1048,36,7,3,2153,14,0
관악구,낙성대동,선거일투표,12414,4328,1729,2401,119,24,13,4286,42,8086
관악구,인헌동,소계,22670,11200,5018,5819,186,47,30,11100,100,11470
관악구,인헌동,관내사전투표,4682,4682,2347,2212,66,13,8,4646,36,0
관악구,인헌동,선거일투표,17988,6518,2671,3607,120,34,22,6454,64,11470
관악구,남현동,소계,15641,7597,3147,4243,107,26,16,7539,58,8044
관악구,남현동,관내사전투표,2887,2887,1367,1458,34,11,3,2873,14,0
관악구,남현동,선거일투표,12754,4710,1780,2785,73,15,13,4666,44,8044
관악구,신림동,소계,21372,7370,3330,3764,120,48,30,7292,78,14002
관악구,신림동,관내사전투표,2886,2885,1502,1292,37,17,11,2859,26,1
관악구,신림동,선거일투표,18486,4485,1828,2472,83,31,19,4433,52,14001
관악구,신사동,소계,20846,8693,3846,4553,148,32,31,8610,83,12153
관악구,신사동,관내사전투표,3431,3427,1730,1603,50,15,9,3407,20,4
관악구,신사동,선거일투표,17415,5266,2116,2950,98,17,22,5203,63,12149
관악구,조원동,소계,15972,7193,3088,3862,105,26,21,7102,91,8779
관악구,조원동,관내사전투표,2888,2885,1383,1421,39,8,9,2860,25,3
관악구,조원동,선거일투표,13084,4308,1705,2441,66,18,12,4242,66,8776
관악구,미성동,소계,25913,12796,5195,7293,119,32,21,12660,136,13117
관악구,미성동,관내사전투표,3856,3845,1824,1947,36,6,3,3816,29,11
관악구,미성동,선거일투표,22057,8951,3371,5346,83,26,18,8844,107,13106
관악구,난곡동,소계,22708,10481,4577,5592,129,28,21,10347,134,12227
관악구,난곡동,관내사전투표,3523,3523,1716,1711,43,8,4,3482,41,0
관악구,난곡동,선거일투표,19185,6958,2861,3881,86,20,17,6865,93,12227
관악구,난향동,소계,12346,6569,2827,3615,65,9,5,6521,48,5777
관악구,난향동,관내사전투표,2442,2441,1130,1268,27,4,0,2429,12,1
관악구,난향동,선거일투표,9904,4128,1697,2347,38,5,5,4092,36,5776
관악구,서원동,소계,20498,8455,3681,4451,174,21,20,8347,108,12043
관악구,서원동,관내사전투표,3117,3117,1541,1485,48,6,10,3090,27,0
관악구,서원동,선거일투표,17381,5338,2140,2966,126,15,10,5257,81,12043
관악구,신원동,소계,16244,7133,3212,3681,114,22,20,7049,84,9111
관악구,신원동,관내사전투표,3105,3104,1550,1465,44,9,8,3076,28,1
관악구,신원동,선거일투표,13139,4029,1662,2216,70,13,12,3973,56,9110
관악구,서림동,소계,19542,8637,3571,4710,184,42,28,8535,102,10905
관악구,서림동,관내사전투표,1932,1932,957,917,36,6,2,1918,14,0
관악구,서림동,선거일투표,17610,6705,2614,3793,148,36,26,6617,88,10905
관악구,삼성동,소계,18289,10234,4606,5311,134,24,16,10091,143,8055
관악구,삼성동,관내사전투표,3556,3555,1801,1663,44,6,3,3517,38,1
관악구,삼성동,선거일투표,14733,6679,2805,3648,90,18,13,6574,105,8054
관악구,대학동,소계,20611,9301,3893,5047,207,36,23,9206,95,11310
관악구,대학동,관내사전투표,3619,3619,1781,1727,71,12,9,3600,19,0
관악구,대학동,선거일투표,16992,5682,2112,3320,136,24,14,5606,76,11310
관악구,잘못 투입·구분된 투표지,,0,51,20,27,2,0,0,49,2,-51
서초구,,,,,더불어민주당 송영길,국민의힘 오세훈,정의당 권수정,기본소득당 신지혜,무소속 김광종,,,
서초구,합계,,342589,191862,50545,138050,1668,395,246,190904,958,150727
서초구,거소투표,,300,285,55,210,4,2,1,272,13,15
서초구,관외사전투표,,21490,21480,7314,13740,202,59,32,21347,133,10
서초구,서초1동,소계,16805,8645,2220,6279,77,18,13,8607,38,8160
서초구,서초1동,관내사전투표,2659,2659,826,1795,25,3,5,2654,5,0
서초구,서초1동,선거일투표,14146,5986,1394,4484,52,15,8,5953,33,8160
서초구,서초2동,소계,20919,10907,2484,8240,104,17,9,10854,53,10012
서초구,서초2동,관내사전투표,3530,3530,884,2592,33,6,2,3517,13,0
서초구,서초2동,선거일투표,17389,7377,1600,5648,71,11,7,7337,40,10012
서초구,서초3동,소계,26636,13397,3419,9736,128,32,18,13333,64,13239
서초구,서초3동,관내사전투표,3545,3545,1079,2415,28,10,4,3536,9,0
서초구,서초3동,선거일투표,23091,9852,2340,7321,100,22,14,9797,55,13239
서초구,서초4동,소계,22479,12470,2012,10307,79,14,9,12421,49,10009
서초구,서초4동,관내사전투표,2569,2567,529,2020,6,3,0,2558,9,2
서초구,서초4동,선거일투표,19910,9903,1483,8287,73,11,9,9863,40,10007
서초구,잠원동,소계,20664,10937,2262,8538,62,19,14,10895,42,9727
서초구,잠원동,관내사전투표,2928,2921,722,2176,11,2,1,2912,9,7
서초구,잠원동,선거일투표,17736,8016,1540,6362,51,17,13,7983,33,9720
서초구,반포본동,소계,570,235,62,169,1,0,1,233,2,335
서초구,반포본동,관내사전투표,183,183,55,125,1,0,1,182,1,0
서초구,반포본동,선거일투표,387,52,7,44,0,0,0,51,1,335
서초구,반포1동,소계,26603,12537,2741,9623,91,15,16,12486,51,14066
서초구,반포1동,관내사전투표,3232,3228,811,2378,21,3,3,3216,12,4
서초구,반포1동,선거일투표,23371,9309,1930,7245,70,12,13,9270,39,14062
서초구,반포2동,소계,11159,6770,973,5735,28,5,6,6747,23,4389
서초구,반포2동,관내사전투표,1628,1628,311,1305,3,3,1,1623,5,0
서초구,반포2동,선거일투표,9531,5142,662,4430,25,2,5,5124,18,4389
서초구,반포3동,소계,16952,10037,1691,8227,58,17,9,10002,35,6915
서초구,반포3동,관내사전투표,3076,3073,582,2452,22,1,2,3059,14,3
서초구,반포3동,선거일투표,13876,6964,1109,5775,36,16,7,6943,21,6912
서초구,반포4동,소계,14554,7652,1682,5863,59,9,4,7617,35,6902
서초구,반포4동,관내사전투표,1918,1918,503,1384,13,4,2,1906,12,0
서초구,반포4동,선거일투표,12636,5734,1179,4479,46,5,2,5711,23,6902
서초구,방배본동,소계,16323,9073,2318,6620,71,20,10,9039,34,7250
서초구,방배본동,관내사전투표,2807,2807,859,1913,21,4,1,2798,9,0
서초구,방배본동,선거일투표,13516,6266,1459,4707,50,16,9,6241,25,7250
서초구,방배1동,소계,13603,7265,2191,4928,64,20,15,7218,47,6338
서초구,방배1동,관내사전투표,2232,2231,807,1387,19,4,1,2218,13,1
서초구,방배1동,선거일투표,11371,5034,1384,3541,45,16,14,5000,34,6337
서초구,방배2동,소계,15373,8472,2720,5590,91,19,14,8434,38,6901
서초구,방배2동,관내사전투표,2369,2368,966,1361,26,3,2,2358,10,1
서초구,방배2동,선거일투표,13004,6104,1754,4229,65,16,12,6076,28,6900
서초구,방배3동,소계,14779,8532,1963,6446,73,15,4,8501,31,6247
서초구,방배3동,관내사전투표,2550,2550,641,1877,16,6,1,2541,9,0
서초구,방배3동,선거일투표,12229,5982,1322,4569,57,9,3,5960,22,6247
서초구,방배4동,소계,18384,9579,2843,6543,102,32,11,9531,48,8805
서초구,방배4동,관내사전투표,2886,2884,1014,1811,34,9,2,2870,14,2
서초구,방배4동,선거일투표,15498,6695,1829,4732,68,23,9,6661,34,8803
서초구,양재1동,소계,32725,16965,5776,10844,160,39,29,16848,117,15760
서초구,양재1동,관내사전투표,3251,3250,1273,1931,24,4,4,3236,14,1
서초구,양재1동,선거일투표,29474,13715,4503,8913,136,35,25,13612,103,15759
서초구,양재2동,소계,18491,8941,3454,5258,131,25,21,8889,52,9550
서초구,양재2동,관내사전투표,3200,3200,1425,1709,37,10,5,3186,14,0
서초구,양재2동,선거일투표,15291,5741,2029,3549,94,15,16,5703,38,9550
서초구,내곡동,소계,13780,7635,2358,5113,83,18,10,7582,53,6145
서초구,내곡동,관내사전투표,2769,2768,958,1752,28,5,5,2748,20,1
서초구,내곡동,선거일투표,11011,4867,1400,3361,55,13,5,4834,33,6144
서초구,잘못 투입·구분된 투표지,,0,48,7,41,0,0,0,48,0,-48
강남구,,,,,더불어민주당 송영길,국민의힘 오세훈,정의당 권수정,기본소득당 신지혜,무소속 김광종,,,
강남구,합계,,450895,241549,58734,178621,1828,463,493,240139,1410,209346
강남구,거소투표,,425,394,112,259,4,1,2,378,16,31
강남구,관외사전투표,,29020,29016,8931,19528,247,67,78,28851,165,4
강남구,신사동,소계,13110,6826,1140,5601,33,14,5,6793,33,6284
강남구,신사동,관내사전투표,1820,1820,416,1387,8,2,2,1815,5,0
강남구,신사동,선거일투표,11290,5006,724,4214,25,12,3,4978,28,6284
강남구,논현1동,소계,19516,6368,1906,4302,73,16,10,6307,61,13148
강남구,논현1동,관내사전투표,1710,1711,620,1070,10,3,2,1705,6,-1
강남구,논현1동,선거일투표,17806,4657,1286,3232,63,13,8,4602,55,13149
강남구,논현2동,소계,17642,7068,1680,5261,62,11,13,7027,41,10574
강남구,논현2동,관내사전투표,1687,1686,483,1181,10,3,1,1678,8,1
강남구,논현2동,선거일투표,15955,5382,1197,4080,52,8,12,5349,33,10573
강남구,압구정동,소계,20636,11844,1214,10501,48,9,7,11779,65,8792
강남구,압구정동,관내사전투표,2648,2648,311,2318,12,3,1,2645,3,0
강남구,압구정동,선거일투표,17988,9196,903,8183,36,6,6,9134,62,8792
강남구,청담동,소계,20620,9742,1638,7968,57,15,11,9689,53,10878
강남구,청담동,관내사전투표,2205,2205,457,1720,16,2,2,2197,8,0
강남구,청담동,선거일투표,18415,7537,1181,6248,41,13,9,7492,45,10878
강남구,삼성1동,소계,10503,5415,1102,4241,32,10,8,5393,22,5088
강남구,삼성1동,관내사전투표,1579,1579,417,1148,4,2,2,1573,6,0
강남구,삼성1동,선거일투표,8924,3836,685,3093,28,8,6,3820,16,5088
강남구,삼성2동,소계,24093,11547,2681,8691,84,18,16,11490,57,12546
강남구,삼성2동,관내사전투표,2799,2798,806,1959,20,5,5,2795,3,1
강남구,삼성2동,선거일투표,21294,8749,1875,6732,64,13,11,8695,54,12545
강남구,대치1동,소계,16911,10128,1308,8703,58,16,10,10095,33,6783
강남구,대치1동,관내사전투표,2431,2431,390,2020,13,2,1,2426,5,0
강남구,대치1동,선거일투표,14480,7697,918,6683,45,14,9,7669,28,6783
강남구,대치2동,소계,27026,15076,2495,12418,80,19,13,15025,51,11950
강남구,대치2동,관내사전투표,3129,3129,599,2502,16,2,1,3120,9,0
강남구,대치2동,선거일투표,23897,11947,1896,9916,64,17,12,11905,42,11950
강남구,대치4동,소계,16226,6682,2077,4486,62,18,10,6653,29,9544
강남구,대치4동,관내사전투표,2204,2204,791,1367,27,4,4,2193,11,0
강남구,대치4동,선거일투표,14022,4478,1286,3119,35,14,6,4460,18,9544
강남구,역삼1동,소계,31176,10315,3284,6761,128,37,27,10237,78,20861
강남구,역삼1동,관내사전투표,2649,2648,1070,1519,33,8,4,2634,14,1
강남구,역삼1동,선거일투표,28527,7667,2214,5242,95,29,23,7603,64,20860
강남구,역삼2동,소계,27310,12972,3251,9543,95,26,14,12929,43,14338
강남구,역삼2동,관내사전투표,3647,3645,1083,2518,30,5,1,3637,8,2
강남구,역삼2동,선거일투표,23663,9327,2168,7025,65,21,13,9292,35,14336
강남구,도곡1동,소계,16755,9352,2257,6935,82,20,6,9300,52,7403
강남구,도곡1동,관내사전투표,2826,2826,815,1968,22,8,2,2815,11,0
강남구,도곡1동,선거일투표,13929,6526,1442,4967,60,12,4,6485,41,7403
강남구,도곡2동,소계,24566,14091,1856,12058,71,24,8,14017,74,10475
강남구,도곡2동,관내사전투표,2134,2131,401,1701,16,4,0,2122,9,3
강남구,도곡2동,선거일투표,22432,11960,1455,10357,55,20,8,11895,65,10472
강남구,개포1동,소계,5926,3818,828,2938,23,5,5,3799,19,2108
강남구,개포1동,관내사전투표,1232,1232,234,985,6,4,2,1231,1,0
강남구,개포1동,선거일투표,4694,2586,594,1953,17,1,3,2568,18,2108
강남구,개포2동,소계,20785,12501,2691,9632,88,22,10,12443,58,8284
강남구,개포2동,관내사전투표,2643,2642,674,1936,19,4,0,2633,9,1
강남구,개포2동,선거일투표,18142,9859,2017,7696,69,18,10,9810,49,8283
강남구,개포4동,소계,18931,9648,2829,6661,72,16,15,9593,55,9283
강남구,개포4동,관내사전투표,2867,2865,973,1843,21,7,5,2849,16,2
강남구,개포4동,선거일투표,16064,6783,1856,4818,51,9,10,6744,39,9281
강남구,일원본동,소계,17320,10053,2674,7190,101,19,16,10000,53,7267
강남구,일원본동,관내사전투표,3346,3346,1077,2226,27,2,2,3334,12,0
강남구,일원본동,선거일투표,13974,6707,1597,4964,74,17,14,6666,41,7267
강남구,일원1동,소계,12758,6530,2240,4103,40,20,52,6455,75,6228
강남구,일원1동,관내사전투표,2328,2326,919,1351,12,7,16,2305,21,2
강남구,일원1동,선거일투표,10430,4204,1321,2752,28,13,36,4150,54,6226
강남구,일원2동,소계,14050,8078,2217,5719,66,10,23,8035,43,5972
강남구,일원2동,관내사전투표,2526,2525,880,1611,19,3,4,2517,8,1
강남구,일원2동,선거일투표,11524,5553,1337,4108,47,7,19,5518,35,5971
강남구,수서동,소계,12860,7307,2279,4815,50,17,45,7206,101,5553
강남구,수서동,관내사전투표,2476,2475,860,1553,14,5,13,2445,30,1
강남구,수서동,선거일투표,10384,4832,1419,3262,36,12,32,4761,71,5552
강남구,세곡동,소계,32730,16734,6035,10274,172,33,89,16603,131,15996
강남구,세곡동,관내사전투표,3960,3960,1628,2263,39,6,10,3946,14,0
강남구,세곡동,선거일투표,28770,12774,4407,8011,133,27,79,12657,117,15996
강남구,잘못 투입·구분된 투표지,,0,44,9,33,0,0,0,42,2,-44
송파구,,,,,더불어민주당 송영길,국민의힘 오세훈,정의당 권수정,기본소득당 신지혜,무소속 김광종,,,
송파구,합계,,569507,313297,105890,201217,2839,621,450,311017,2280,256210
송파구,거소투표,,582,547,138,373,7,3,8,529,18,35
송파구,관외사전투표,,36792,36775,14498,21480,385,85,64,36512,263,17
송파구,풍납1동,소계,11250,5797,2280,3382,43,14,12,5731,66,5453
송파구,풍납1동,관내사전투표,2586,2586,1153,1385,15,8,4,2565,21,0
송파구,풍납1동,선거일투표,8664,3211,1127,1997,28,6,8,3166,45,5453
송파구,풍납2동,소계,20025,10347,3661,6503,84,16,15,10279,68,9678
송파구,풍납2동,관내사전투표,4055,4009,1643,2317,25,7,3,3995,14,46
송파구,풍납2동,선거일투표,15970,6338,2018,4186,59,9,12,6284,54,9632
송파구,거여1동,소계,10339,5155,2033,3018,34,14,9,5108,47,5184
송파구,거여1동,관내사전투표,1793,1792,797,974,10,0,1,1782,10,1
송파구,거여1동,선거일투표,8546,3363,1236,2044,24,14,8,3326,37,5183
송파구,거여2동,소계,18556,10064,3833,5956,115,22,13,9939,125,8492
송파구,거여2동,관내사전투표,3247,3246,1450,1741,31,6,3,3231,15,1
송파구,거여2동,선거일투표,15309,6818,2383,4215,84,16,10,6708,110,8491
송파구,마천1동,소계,15652,7372,2952,4237,56,16,16,7277,95,8280
송파구,마천1동,관내사전투표,2220,2219,986,1203,10,3,6,2208,11,1
송파구,마천1동,선거일투표,13432,5153,1966,3034,46,13,10,5069,84,8279
송파구,마천2동,소계,16025,7791,3216,4378,58,17,15,7684,107,8234
송파구,마천2동,관내사전투표,2747,2747,1197,1507,15,4,3,2726,21,0
송파구,마천2동,선거일투표,13278,5044,2019,2871,43,13,12,4958,86,8234
송파구,방이1동,소계,12669,6802,2346,4312,65,15,5,6743,59,5867
송파구,방이1동,관내사전투표,2318,2318,893,1397,18,1,1,2310,8,0
송파구,방이1동,선거일투표,10351,4484,1453,2915,47,14,4,4433,51,5867
송파구,방이2동,소계,22575,9311,3661,5431,111,20,10,9233,78,13264
송파구,방이2동,관내사전투표,2434,2433,1071,1306,32,8,2,2419,14,1
송파구,방이2동,선거일투표,20141,6878,2590,4125,79,12,8,6814,64,13263
송파구,오륜동,소계,13959,8794,1839,6832,63,14,7,8755,39,5165
송파구,오륜동,관내사전투표,3007,3007,711,2254,24,3,2,2994,13,0
송파구,오륜동,선거일투표,10952,5787,1128,4578,39,11,5,5761,26,5165
송파구,오금동,소계,30760,16047,5522,10184,150,33,21,15910,137,14713
송파구,오금동,관내사전투표,3891,3889,1447,2387,32,5,4,3875,14,2
송파구,오금동,선거일투표,26869,12158,4075,7797,118,28,17,12035,123,14711
송파구,송파1동,소계,20486,9687,3763,5716,96,22,18,9615,72,10799
송파구,송파1동,관내사전투표,3366,3365,1526,1786,29,12,5,3358,7,1
송파구,송파1동,선거일투표,17120,6322,2237,3930,67,10,13,6257,65,10798
송파구,송파2동,소계,15489,9036,2829,5996,95,16,11,8947,89,6453
송파구,송파2동,관내사전투표,3039,3039,1099,1884,28,9,2,3022,17,0
송파구,송파2동,선거일투표,12450,5997,1730,4112,67,7,9,5925,72,6453
송파구,석촌동,소계,26915,11677,4814,6596,120,31,19,11580,97,15238
송파구,석촌동,관내사전투표,4122,4122,1899,2156,39,7,2,4103,19,0
송파구,석촌동,선거일투표,22793,7555,2915,4440,81,24,17,7477,78,15238
송파구,삼전동,소계,25726,11198,4735,6190,120,29,23,11097,101,14528
송파구,삼전동,관내사전투표,3567,3567,1680,1819,40,7,7,3553,14,0
송파구,삼전동,선거일투표,22159,7631,3055,4371,80,22,16,7544,87,14528
송파구,가락본동,소계,21053,10113,3440,6501,82,20,13,10056,57,10940
송파구,가락본동,관내사전투표,3037,3037,1180,1815,22,8,4,3029,8,0
송파구,가락본동,선거일투표,18016,7076,2260,4686,60,12,9,7027,49,10940
송파구,가락1동,소계,21037,12536,3076,9291,83,13,15,12478,58,8501
송파구,가락1동,관내사전투표,4282,4282,1164,3074,26,5,4,4273,9,0
송파구,가락1동,선거일투표,16755,8254,1912,6217,57,8,11,8205,49,8501
송파구,가락2동,소계,24687,13070,4648,8150,138,27,18,12981,89,11617
송파구,가락2동,관내사전투표,3138,3137,1319,1776,26,3,4,3128,9,1
송파구,가락2동,선거일투표,21549,9933,3329,6374,112,24,14,9853,80,11616
송파구,문정1동,소계,16343,8431,2848,5438,63,13,17,8379,52,7912
송파구,문정1동,관내사전투표,2545,2545,1042,1472,14,1,5,2534,11,0
송파구,문정1동,선거일투표,13798,5886,1806,3966,49,12,12,5845,41,7912
송파구,문정2동,소계,24106,12201,3105,8901,106,14,11,12137,64,11905
송파구,문정2동,관내사전투표,2600,2600,671,1901,19,1,2,2594,6,0
송파구,문정2동,선거일투표,21506,9601,2434,7000,87,13,9,9543,58,11905
송파구,장지동,소계,23644,12199,4945,6991,131,27,17,12111,88,11445
송파구,장지동,관내사전투표,3569,3565,1683,1824,31,7,6,3551,14,4
송파구,장지동,선거일투표,20075,8634,3262,5167,100,20,11,8560,74,11441
송파구,잠실본동,소계,23983,10195,3919,6049,114,28,12,10122,73,13788
송파구,잠실본동,관내사전투표,3778,3767,1622,2082,38,9,2,3753,14,11
송파구,잠실본동,선거일투표,20205,6428,2297,3967,76,19,10,6369,59,13777
송파구,잠실2동,소계,25021,14295,3429,10644,109,31,19,14232,63,10726
송파구,잠실2동,관내사전투표,3998,3991,1136,2813,25,6,4,3984,7,7
송파구,잠실2동,선거일투표,21023,10304,2293,7831,84,25,15,10248,56,10719
송파구,잠실3동,소계,25414,15208,3001,11985,99,22,14,15121,87,10206
송파구,잠실3동,관내사전투표,3296,3295,779,2478,22,4,4,3287,8,1
송파구,잠실3동,선거일투표,22118,11913,2222,9507,77,18,10,11834,79,10205
송파구,잠실4동,소계,15814,9571,2402,7011,90,8,11,9522,49,6243
송파구,잠실4동,관내사전투표,3108,3108,931,2138,26,1,4,3100,8,0
송파구,잠실4동,선거일투표,12706,6463,1471,4873,64,7,7,6422,41,6243
송파구,잠실6동,소계,13318,8141,1777,6261,49,12,5,8104,37,5177
송파구,잠실6동,관내사전투표,3222,3220,809,2375,19,4,2,3209,11,2
송파구,잠실6동,선거일투표,10096,4921,968,3886,30,8,3,4895,26,5175
송파구,잠실7동,소계,8125,5404,916,4432,23,7,6,5384,20,2721
송파구,잠실7동,관내사전투표,1841,1832,418,1397,8,4,0,1827,5,9
송파구,잠실7동,선거일투표,6284,3572,498,3035,15,3,6,3557,15,2712
송파구,위례동,소계,29162,15397,6220,8890,149,32,26,15317,80,13765
송파구,위례동,관내사전투표,4335,4334,1877,2379,49,9,4,4318,16,1
송파구,위례동,선거일투표,24827,11063,4343,6511,100,23,22,10999,64,13764
송파구,잘못 투입·구분된 투표지,,0,136,44,89,1,0,0,134,2,-136
강동구,,,,,더불어민주당 송영길,국민의힘 오세훈,정의당 권수정,기본소득당 신지혜,무소속 김광종,,,
강동구,합계,,397544,214084,80390,128626,2326,562,479,212383,1701,183460
강동구,거소투표,,619,577,163,329,22,11,6,531,46,42
강동구,관외사전투표,,24177,24172,10322,13207,330,82,77,24018,154,5
강동구,강일동,소계,25239,13244,5782,7156,152,24,25,13139,105,11995
강동구,강일동,관내사전투표,4232,4231,2018,2130,49,7,7,4211,20,1
강동구,강일동,선거일투표,21007,9013,3764,5026,103,17,18,8928,85,11994
강동구,상일제1동,소계,28190,16051,5250,10504,150,21,17,15942,109,12139
강동구,상일제1동,관내사전투표,4213,4211,1500,2663,25,4,2,4194,17,2
강동구,상일제1동,선거일투표,23977,11840,3750,7841,125,17,15,11748,92,12137
강동구,상일제2동,소계,8449,4488,2036,2318,56,15,17,4442,46,3961
강동구,상일제2동,관내사전투표,1487,1487,740,710,20,3,1,1474,13,0
강동구,상일제2동,선거일투표,6962,3001,1296,1608,36,12,16,2968,33,3961
강동구,명일제1동,소계,20432,11157,3629,7334,92,25,20,11100,57,9275
강동구,명일제1동,관내사전투표,3815,3813,1330,2416,37,7,9,3799,14,2
강동구,명일제1동,선거일투표,16617,7344,2299,4918,55,18,11,7301,43,9273
강동구,명일제2동,소계,13854,8430,2628,5650,83,16,10,8387,43,5424
강동구,명일제2동,관내사전투표,2681,2681,963,1683,20,3,4,2673,8,0
강동구,명일제2동,선거일투표,11173,5749,1665,3967,63,13,6,5714,35,5424
강동구,고덕제1동,소계,17043,9813,3341,6281,99,21,17,9759,54,7230
강동구,고덕제1동,관내사전투표,3218,3218,1195,1982,26,6,5,3214,4,0
강동구,고덕제1동,선거일투표,13825,6595,2146,4299,73,15,12,6545,50,7230
강동구,고덕제2동,소계,17024,9557,2887,6461,97,14,28,9487,70,7467
강동구,고덕제2동,관내사전투표,2787,2787,961,1756,35,6,10,2768,19,0
강동구,고덕제2동,선거일투표,14237,6770,1926,4705,62,8,18,6719,51,7467
강동구,암사제1동,소계,27845,12605,4891,7372,135,52,32,12482,123,15240
강동구,암사제1동,관내사전투표,3933,3930,1732,2120,37,8,6,3903,27,3
강동구,암사제1동,선거일투표,23912,8675,3159,5252,98,44,26,8579,96,15237
강동구,암사제2동,소계,12937,7463,2794,4508,79,25,12,7418,45,5474
강동구,암사제2동,관내사전투표,3488,3487,1450,1979,31,10,3,3473,14,1
강동구,암사제2동,선거일투표,9449,3976,1344,2529,48,15,9,3945,31,5473
강동구,암사제3동,소계,14072,8388,2805,5415,84,25,13,8342,46,5684
강동구,암사제3동,관내사전투표,2989,2989,1091,1846,35,7,3,2982,7,0
강동구,암사제3동,선거일투표,11083,5399,1714,3569,49,18,10,5360,39,5684
강동구,천호제1동,소계,22902,10703,4285,6115,125,33,28,10586,117,12199
강동구,천호제1동,관내사전투표,3500,3499,1605,1822,30,10,7,3474,25,1
강동구,천호제1동,선거일투표,19402,7204,2680,4293,95,23,21,7112,92,12198
강동구,천호제2동,소계,28200,12498,4925,7218,137,31,29,12340,158,15702
강동구,천호제2동,관내사전투표,3706,3706,1647,1985,37,5,5,3679,27,0
강동구,천호제2동,선거일투표,24494,8792,3278,5233,100,26,24,8661,131,15702
강동구,천호제3동,소계,22366,9651,3640,5779,107,31,16,9573,78,12715
강동구,천호제3동,관내사전투표,2885,2884,1158,1674,30,4,2,2868,16,1
강동구,천호제3동,선거일투표,19481,6767,2482,4105,77,27,14,6705,62,12714
강동구,성내제1동,소계,16153,8447,3345,4910,96,24,19,8394,53,7706
강동구,성내제1동,관내사전투표,3034,3031,1317,1654,29,11,4,3015,16,3
강동구,성내제1동,선거일투표,13119,5416,2028,3256,67,13,15,5379,37,7703
강동구,성내제2동,소계,20210,9193,3608,5334,106,27,28,9103,90,11017
강동구,성내제2동,관내사전투표,3506,3506,1516,1928,24,10,6,3484,22,0
강동구,성내제2동,선거일투표,16704,5687,2092,3406,82,17,22,5619,68,11017
강동구,성내제3동,소계,19806,9824,3796,5758,134,27,23,9738,86,9982
강동구,성내제3동,관내사전투표,3829,3828,1650,2100,45,7,9,3811,17,1
강동구,성내제3동,선거일투표,15977,5996,2146,3658,89,20,14,5927,69,9981
강동구,길동,소계,37918,17450,6510,10594,139,40,32,17315,135,20468
강동구,길동,관내사전투표,5128,5128,2076,2975,31,13,10,5105,23,0
강동구,길동,선거일투표,32790,12322,4434,7619,108,27,22,12210,112,20468
강동구,둔촌제2동,소계,20108,10320,3735,6353,102,18,29,10237,83,9788
강동구,둔촌제2동,관내사전투표,3147,3146,1286,1813,19,3,8,3129,17,1
강동구,둔촌제2동,선거일투표,16961,7174,2449,4540,83,15,21,7108,66,9787
강동구,잘못 투입·구분된 투표지,,0,53,18,30,1,0,1,50,3,-53
